rawToken;wahlkreis_id;election_id
QGoMsfesiYhzY3GFqPBOoQ;3;3
N4mncRsABA5-S26vUSnTvg;3;3
buHYiveJQ0hiq1mgKHlSqg;3;3
qKZPv5wSNtfdCSehkfIZsQ;3;3
SjKVleSJbWuA0g0M49eicw;3;3
qOcZZTBBLq1zuO8HUmpafw;3;3
2gQZGoyqu3vvM9scR8cDkg;3;3
zu8XwAFlP9YXcv9AMk67fw;3;3
TrFen_8-VpXrgT9M_RDECQ;3;3
vO7Zq06lAI-hqt8nsxxkTw;3;3
cS6J6VfZjbuDVVu0ZCnlbg;2;3
yrp-LAWjZkH0z61mt_4TTw;2;3
0fFKfM2P9ozTIqmwdeBNJg;2;3
fsymwL8FckzIZ413H0_SOg;2;3
HWX6xiwpSrAfYeca8uCXlw;2;3
UQYiG-ZbwgisCLFlqsV6jQ;2;3
b55ZOXkWAO04YfVtV35doQ;2;3
lVS3zJNAlaEOwzBmvIiByA;2;3
8tkfRq7sZefSxUKBabybSw;2;3
c0UHjx1VrSTy30QCZrwSIw;2;3
aLO17z-7q7LA-UIiuYfTlA;1;3
ajKPhP0tF9V7cb9YetLtZg;1;3
yOy79pXi533N7hPm6JWnEQ;1;3
EEJkr4s0L3-CJ1EURxaUdA;1;3
Yp7M0IoFqNL21McOhSVb4A;1;3
FVs_PzrIXCcN-SLwFpsfaw;1;3
UtVCe1ypUC9kgxn71ZVHlw;1;3
gC7FC7EUP4W4Ze04sRuqpQ;1;3
oRXnMcjSu6Y9_aIBpFB04w;1;3
uPdkBAATmysSHuYiQJ8Wbg;1;3
FdS17f3r-dgyh61UCQdj9Q;4;3
xB6AdHRcWgDLCgWUkT-QaA;4;3
V1O-7KaPSSM73oCR2HmFoQ;4;3
H1-jFklmDH4ahtTdstD18A;4;3
JIorsSoR9vd9AwT7_oskhg;4;3
RvG-2zy6RPtrWnnLcZoK4w;4;3
EIXkpvrSWrWtBo7TLyNiUA;4;3
MegdFCKrAYc3aoh3Fe4dEA;4;3
Jr7yYxr-WSx1aTnQb2BG4A;4;3
Ww6Wk5Q0upKxVvjtjkmjhg;4;3
VpnkgLewtpEqq7nCKyYzJQ;5;3
nT-4A9M9tMlfMdCXxMbjjg;5;3
t55K5BS72LBCATshyqpEGQ;5;3
n3DSuKgoBIP2jJmpRR-eOg;5;3
KAX5AvnaANqswLPeyZBYFg;5;3
ORmYYtI43_bPL5A4UMwwIA;5;3
68MyVaQen1idUANAYyCmLA;5;3
OPwRK74xSRJJ_ZtqKhj7aw;5;3
BCjvKOvHhnVZ8SuD0nZP0Q;5;3
WneITfg-s7F31XPNVPwyGQ;5;3
GlA4Vl28l3OCn0b1DNiztw;6;3
3wGN4xX35piwQu5zkOkMbQ;6;3
dduNe-3GKL8ZfPhftSVVdA;6;3
AWPaPOZHImWg3j5w_7pGWQ;6;3
MlUG7aEhUeh89rgArxBBfQ;6;3
gHUuK3DU7iOtrPPoM15CDA;6;3
lt-okqLPWrpbScqAfXx5cw;6;3
k-EoLRnL6deUsfZ4yuOHww;6;3
ZnokOq8oGsalFvJxMWMbxw;6;3
qLFKcLalrFv3hSQzZrEBXg;6;3
zkiAzQ-T6ClXtUdt8MogEg;8;3
yCHOr2E5OiFvOCEiQe_cmw;8;3
reB1B-6hUdJe1qCX9ro9JA;8;3
CF07wu04J5R9f1g5OvlHwA;8;3
U8ELfH0v8Rjz1w2vjvWCuw;8;3
LPUXsOoYyc_0bSfvdKbbGA;8;3
jjg-FTWqg0YxvdVemI16tQ;8;3
oDpSgtxQkQsWXb4jLaZfUQ;8;3
s-Q7UPYolm-57HWBrjjE3w;8;3
7QZk-SFOe1w3ZBTqR306NA;8;3
_-Grutxd1mKWien89p68Jw;7;3
TDnbWbD16bIzGZemYl92bg;7;3
SggY6FizKoMM-ND81_bRJA;7;3
REg8kxxoRAyovXIVRzc_-g;7;3
3hRIrLmIYSGgGcGNS1srcQ;7;3
zzpIZX6F0EpFjNBWQS-42A;7;3
xcM3uEWUq5xxyf85rU64WQ;7;3
jp8R57exWb22CYqw1EZc1A;7;3
kVCaShsqv7xBdcb8Zy48lQ;7;3
hYI_-rJmPxqw4KaUaK4coQ;7;3
IhcTTIzAnjsnnkGBDJk_fg;10;3
BEJjScEshnCaMn8gGYd5KA;10;3
H0w7VKY2m4F1JpRyxi7DVg;10;3
PX_qQmXKv62YUJfmDrvAGg;10;3
CtGFcipuv-p4NxJ9M3dTbA;10;3
scflI5pVsJLhRG7j1Uws9w;10;3
xC1kDNnevtYsuzopSUnaZA;10;3
YkD7-jJpsuuwAoDzKgQdDw;10;3
7y3T70p39XaI9TT2J784vQ;10;3
vpi-A8KyRNl-5Rut4R2aJQ;10;3
nYF0Qg-zyXMxUb2KW_eqig;13;3
xY6UqrAnOLy8Mu-7JRo1sA;13;3
Hr8oDGJhGHdnA7Ahr1TlhQ;13;3
jRTQ6bY4ZlJC5CgpLQzDWg;13;3
TSDnsWR73AehtUSftgxdqg;13;3
Ec2mygwyUO-pBF3Q2ofjHw;13;3
sxEJ6rJo0wtR9ND469UPkQ;13;3
c5bzp_-ZTqEsheGliKgRGg;13;3
zbnHvSRwyhxctr_MODJutQ;13;3
0TczvWkRrB68U-9sPcFHqA;13;3
SNE0B5OfhgnzycmisfdIjA;12;3
9_T1PSH-HIVPhel8fh36Fg;12;3
PzqRWHeDLXQoOwk6oLjC9g;12;3
_rQkuLbyak0j3sxo5nbHQA;12;3
ypodCy3RpSOtzu6Q-Oz_yg;12;3
kDVg0VqVAsbnBMgK8J-YCQ;12;3
Oz6gh33PBEuJNZW7mtIj2w;12;3
g7oAfF7XGdOxSmJ8q8JT3Q;12;3
S1enAR01RG5irS6J1J0pfA;12;3
YrIFq1ujQU55d-8mFHENpw;12;3
VvGGD4L891L4Mamv0ISC4g;9;3
EtHFvbUXhiDcceTUDy1fuA;9;3
AG6220mymysxqO9PFMRKQA;9;3
HPY51YsTVst3ce3g7VUFdw;9;3
hf0KrZ47X629KW_jhelkXA;9;3
tg2fU1GNgcyJUqGuhtZIlw;9;3
B8Lg5OHc_3zd-5T7ao-neg;9;3
DZyogdfpZz96ZRqwbPsjnw;9;3
1e3y3n-CYjE7kSLhelM_ew;9;3
g_uGHa8BwRB-cl_epr0rOQ;9;3
98yfpv44NTPHJDzyhESWgQ;11;3
bN5tq9cALKY6QrASTZUZOQ;11;3
19LjXTkcQRDrCZMRiinciw;11;3
--BVNO0mh2L7LS80gMnj9g;11;3
cxgKxw3Yxt5h-HNZRBcfJA;11;3
bydrOHyc8B3NHGpS9tyEFw;11;3
X9GMcTxxuKXe7DQBeslZyw;11;3
Y5_rM2mrJ5jT4HI0ojvWww;11;3
R2uo5X96hTy6qIZYzJhdkw;11;3
ZtzPg3B6cAvVxHpWzCjERQ;11;3
aWxNFqGNaTbR-gaUDafLlg;14;3
qZ86uFuy7isSfye_aahDLA;14;3
eASq0oSfaFeCh52BNt5YnQ;14;3
vsg5gUVXSSgR_SQkt0IMSQ;14;3
dQmoqmZfGRBlZY_Dzm8QKw;14;3
b_wKznprlyt_mwPcs6Td2g;14;3
f--Qn2urlAnfO9bKcVFEMw;14;3
3o3_EhoksYZDlDuAY8iySQ;14;3
8N0sWrUWY7W7jagaJ1j30w;14;3
2iUBiPld34EzP4rZKmr8oA;14;3
QnekfpIJfEGceb5CHZmwWg;16;3
80w48z0LzB4XvJuSXqudtw;16;3
9s9w-syReTkDGbf_Q7QWxw;16;3
jbEBfawppllh4JrCgsVmFw;16;3
jknDqmtczudCRttdG50PIg;16;3
zwmWC9Ti-HdEKPcijb6sdw;16;3
WaL9z4Hk7jPUhgZGoylaCg;16;3
AvjmIsjwqYbRjyLc6-_OcA;16;3
I7oYdmtec6yM5elpT3Qwww;16;3
vl8EPn2J7R5zkddWmvwPhg;16;3
Hov5QKJJCrUAOdVXMl512g;15;3
HsrxsC7OjFyOtkP1Q2SfSg;15;3
TCt2-t2rI2lkQ94ctgUxMg;15;3
6lK-sacPFIDILYa71ehFRQ;15;3
08G3ZLHFOcF8twy8PT75vg;15;3
MkAHTMhrK3VApL3ALWeMag;15;3
CAX8Ck7nQxygGi67NiV9rg;15;3
J5bXE0-3UH_9XsKibHBv5A;15;3
OLCDqzuaY5nDDaJKTXIZSQ;15;3
ISep5ucR_PkPHJwhvvoWkg;15;3
R6ewHhUnjDUYghqj-qsrJw;19;3
iUm6lbEn5fGh7iDo3U5Abg;19;3
OpiBmMxTJ77xQVg19pcPlA;19;3
S0Z4C3MfvfaZ3CyWuE8HFQ;19;3
sMZMz2RpphykS23pl11BPA;19;3
X59QYnWiuDIJxdDteFpgDA;19;3
n2AjXRK_Es3KLRU5txNnVA;19;3
RCKRe4FaZyAsMXkkehC4yw;19;3
UJ_SRXpAPtqQHtag6_sNZA;19;3
3O8AmLQOApenYybO3pXBdQ;19;3
YHwICRp2PByoBwBnXta_3g;20;3
uVv1v18fiOnbQiAcgPibPw;20;3
25vtUZHM4UI1Zv282-zEdA;20;3
vUx65zyGEQd9fPy08OOsZQ;20;3
X7XnOJt6AoasrPiu9rt34Q;20;3
c-SlbCWAGdJLBImJXKGjFw;20;3
cA3cOMX008f4rPMr4vx-EA;20;3
pMckVAjgocl5Sn4G5dZo3w;20;3
kZ_XclQj7q3T3121c-2Zmw;20;3
HAwSz3F-x6jxWBac7sX5Pg;20;3
_SeC-jX2_Au-9ArqwsGTWg;17;3
ew9ovdLTo8v7vWw3GIlLxw;17;3
mGhd4UhcAiH7R-Lnfq1Sew;17;3
wmipYXi0n_cyT2l8rvZmjQ;17;3
K6nNGRylfkYhq3-rvn900g;17;3
kx8CeqtzEetqPB2cUqJ-uw;17;3
FFq9SuDWUylYqtGqDqcL_A;17;3
_dx6UvEsJBptbLExeOWVEw;17;3
9FhfS_ot--y0mbS-CZGFxw;17;3
4XxnR0dapIxrrdevBhsJUw;17;3
LuL-bdqvn3MNg4unjXsHBw;21;3
9yydqLrLk1lkPpiMFSlvcA;21;3
5gOANQBpB1aHftwn7tD1Jg;21;3
h64Rjhos3sSiaPvVrgSMAQ;21;3
9NQUc_e5GtvZNNP3D_SokQ;21;3
QCqVR7ZibbM7xhZ5Y5AEBA;21;3
m7TfC_kCpsJhlWhGnC7OEw;21;3
1Dnj2wYl6PEJFx1z5as8iw;21;3
NpF-9Q5kvSLW74p-Ddiqdg;21;3
nZbnEqh6z6RHmfY54qrueQ;21;3
aBbJ2WJbfWhm501wKs13pA;18;3
k2nzbqkdJsxjxkM1Pe-_7A;18;3
Fd4AWR65kxWSN1xHJ4BPIg;18;3
vDK7gqYkJSU8xfJNali-Vg;18;3
iZbjjMi1g7auf3VNQhngKg;18;3
cQDB33TgQ9TXUJ1_d_RJ9w;18;3
Duti2Sf3DyVooGEyaRdiWg;18;3
2GPzg0Z8AQd8meuxgCk5vQ;18;3
nI9U4vTVJFxeJmMYT4sKUQ;18;3
ccCz3BODEAfuPNG7V696lg;18;3
bqBtf8aphMeBrbv4lkrrlg;22;3
Au5nuHo1HWWlzBETbyyidg;22;3
jyhQyzbXsjvTkTstuqbpAw;22;3
YP_WBPpNmFeVLn1r_mrxPg;22;3
lJIl922qj8rbtETkDe4otQ;22;3
LiHr05uU5Zjbi0XApxYemQ;22;3
HfE12sTkrWKUppXKclq3Pw;22;3
xM3VpjRdQaYRfjPm697sqQ;22;3
zKdJ2zJssUdQBgehA_Uwvg;22;3
Cf9WDcYrxjkTFyr2DnK3jw;22;3
ebH4I4QlGaSQRPlTuF3C4w;23;3
8NqQwLwthDbdiQMyS0EFfQ;23;3
LfZTCr-hWun4pPWHFZo1_A;23;3
fQ4RpFsX3Z_OByCLr2UZsA;23;3
fTByMAEA3z6xp4dCwj_7tg;23;3
bst7QNK6hFyLwfjhNr0FYA;23;3
y20PWiUhqYEtyqe2utzQJg;23;3
lZxIlNGcqSoe3v1ZhpLFUA;23;3
ZafxbmGjaWEEtByr3Z4X2A;23;3
GbTMX94ymK_cMXLDxnbkHA;23;3
Y54oP_TPzx0vgV80o3JEzQ;24;3
I-bfX_MvBxhk8h3uvqEwRQ;24;3
ZpJdIYCCfqMIHbjAyktKNQ;24;3
gXXnzHze_YmSYyYc8BGsPQ;24;3
mH-IX6y7Bkduu8BRTyptEg;24;3
fIYDvXBgF-c7u4A2lnFVOQ;24;3
4Qi2jos63z4TRUcLE52f1w;24;3
UVYF2SN7MwBKBuG8pe3nNg;24;3
gFokYk7TZ2ybtSqIcnBP9g;24;3
2x01OZQOcEgZo8XCUyp1EA;24;3
B87RsocaekONhNoEn2HzTw;25;3
qvz_Ug5HLX66mcnoTDGIfw;25;3
KW2KlyiMg-CDR0JXoLD8hQ;25;3
_I99whIwx1eYIFjfYsReCQ;25;3
McO4dCQ6zA-bi3Ii4VY3fw;25;3
-S5F16wkIe0rwag43SdcMg;25;3
ZUTytiA3O18Uy_RIJ5_HKQ;25;3
vRjP3RfTRJkTjsDWsVhwqg;25;3
PwSV4XIoWEt03oUW8rE-1Q;25;3
S5YJSiMBRh59UO3ipTqOtQ;25;3
WevzS4o5P83JU0q-I21LEg;27;3
lRJ97w6F9WZ60f8y_WVH1g;27;3
EctKG2XJJlBdq4J0ROPiWA;27;3
hDe6CFDHu6uiczUAV1L5dw;27;3
K1gISlW89NpABdMlWYI_zQ;27;3
OSaYYB4H3bR8Hv8TDzRN5Q;27;3
Yi6KmzF_Sh1_ghGQLtzSjA;27;3
7gBDfVL6dROfL-j03V6_ww;27;3
bPh0qtIdExt3wBUngDF68A;27;3
-V3Uuvtw_cqqfGyMihhqaQ;27;3
Ppk_bxdcHHjN3TbNSOKDEQ;28;3
S5b1G7zYBZJYoJjlb7uMrg;28;3
VeWD8AzIO4M4algLQ3LepA;28;3
CR-LxLYYAyeYLjsMgUpnBw;28;3
Dp1QOG4rjDRgZYY_0jrtoQ;28;3
qdesz_tPOTDnr4lFwJZvGg;28;3
FdVY13ROXGnGdPi7ZxFtTA;28;3
9r_tIt3TNRFTcZ2IFyY7Ng;28;3
sC2iMJqI6HjyQ_l70YGF1w;28;3
GOt68ZJ0JdOPpE-DfI4gkA;28;3
eCi247FpQeYH9f4GOG0_9g;29;3
Hg3CgVSUbzwJfYxRDp30Ow;29;3
mVV12AmSf45qR7koJ5ezGA;29;3
tEhhCyAHHm9P2vOFzPhpVw;29;3
5rWgirlR2Rzvcghyahm3fg;29;3
5_Y5joHsJa15Q9Ac471dhw;29;3
xMOBWbOUI-lSByAtxpRPzQ;29;3
c-M6Q4tjZ67Po3wrvDl8zQ;29;3
A-1qRfmH0IxpBARNkGiRGA;29;3
CeXBoHk89ktWPwt2hE8Rhg;29;3
fW--trFfyLnZ7ccgHdhoVQ;26;3
-9kPvHFnzcphQUSYFA0ERg;26;3
ENnOvrKiJd5FLJ6m-pWDYQ;26;3
5YZ078pNHPA0R5G9IEX2Ug;26;3
vq88YZxDrKV1bcMxYONw3Q;26;3
kZoC45vUQsgdIpFuZgc99Q;26;3
bspjc1JlyNySecvIJG9pKQ;26;3
qcddmyb5ed6vPFy6OfUlgw;26;3
elYm3CEbjcVzIMC0cuo2ng;26;3
DsmKWVWoTG_PZ6obMfEYKQ;26;3
cr0LpiSM7Q8l4yP9zx5yMQ;31;3
72KQwaTeSGeJ4K-Oqqj8vw;31;3
3y6u7Rwm7yGmoosHFGukgA;31;3
e7iQIHS3mvQcrQinQsmgkA;31;3
oOhAzfOSKxfRNRU-LgLCpQ;31;3
Y5_rJd1ZYL07EoK4QHW9OQ;31;3
AqRecuOJwxsXSsu9auCi8g;31;3
LTj-lw4ICTjaJbPMj_JFfw;31;3
Me4WTvZ-A7Sg8Pn327SYZA;31;3
xbhn_N_tiDfy78_o9ukaTQ;31;3
5DC8-VxrlGTMzGKyllPjrQ;30;3
i9Rd7a-mE0ac9_qZSngGaA;30;3
38rNNB9YNd8OteE2omZlGA;30;3
5ku-WKTWAtFJB0sdt5LUpw;30;3
S_vUwL7LsLKdh5hboNGoyg;30;3
ntr_ym11U_m_FIkFMHp0ag;30;3
kkqpVaLRvsfiSzX9sFQo-A;30;3
JLFdb9QDMrqUDmTKvh7wqg;30;3
HMYOoUS9H77lcsqbl4AvKw;30;3
cdINczqJKR932xkg18bp8w;30;3
WOSUl7xpOi1_dLi-EWtUyw;32;3
x9NjvpckymyqHkrKMy9lAA;32;3
TnXbwnq7tfqbl4TMrDFAnw;32;3
AUdTEJQVW8btON83xzWkJQ;32;3
KHrAghBTdp3O09ZfyAiQhA;32;3
UQ7oBoCsnci6ZeKFA5mZdw;32;3
UgzGBnLcp1-sc4At40WkXw;32;3
aPYKr22BspQm7vAmWF7zog;32;3
FuadBL8hAp-CUWnNA4mYmg;32;3
CMu3dk57qZn7EpvYTWiCjg;32;3
6h1ZroXwu3n6dsCafGwxvw;33;3
GZWPkQ08bFQq4DjGM1UM4w;33;3
0bVp5nzZWEfSKUtnQ9foNQ;33;3
gHenLrGYtuJcTpLiC1zs3A;33;3
MhH8OzuvTsO-PJJ1MTIUvA;33;3
L3hjQovBMaitjX1U0HHg7g;33;3
e80Kx3ygH4VJHFdQKg7M5g;33;3
adqXhB_glRG0Neo8LKxNNQ;33;3
9RhOvTnZKUIHFQGQPCKeSQ;33;3
4duW8VDLGd1C5yCFr7nXGA;33;3
fKZY35AOjfk4QGGiuH9AsQ;35;3
wQSGwLn_H45_nYS-COK7hg;35;3
cnr8UaYuwYpZ2LTr1xRVxw;35;3
aj-gBas0wexPVDNjoFf-mA;35;3
tFMXL5MJiK7CVTuV7Yg86Q;35;3
8jWUobKokRSJPAdQUaRsRg;35;3
tBZXiEsBT8R1CEMhd77fuQ;35;3
5G7zgcyeRxKoZUAf0tbCmg;35;3
6sJvQJybT3K84vd5x3NASQ;35;3
mLjDbemv2VMoh4-bhliUpg;35;3
PYi_nhjAiow2CssCBZdl4A;37;3
bDUWep-3NdC57GWuqgTSuw;37;3
T8CvGHUK_RDLCp_-w2ls1A;37;3
FeidETZs5Uf6nbQXYtJJDQ;37;3
t6W4QkFehukaGpCu6U2oQg;37;3
UlfQx9Py0rNQghFw6yrBKg;37;3
vRuEZEOe76TfEKZc1x5yig;37;3
5fPqV77kw2wlx52tWKOr6g;37;3
2dy2Zik9smeTqtjQPpwAvQ;37;3
eB_fIybSPlDUVy-yUOwawg;37;3
esFp5k-kRQlwL3NWvslCkw;36;3
n9VG-WsCkGA000gGxAfIyg;36;3
KicKD8hlf0IAnXgFAUWC8A;36;3
YF7gBGfCF6U3kZT9tXsiwQ;36;3
DJqvMNUNUiish1Zbj8JVkA;36;3
0PtiUCjUXZNvVGQCIIF9tQ;36;3
jRDz_-iZWX0b3djorCTWbw;36;3
SIJsE-McE3vu896Owi8e3Q;36;3
zD8V9B7QR_5YLmQQLltDGA;36;3
fC9EtI1gQlvErL6_lNCUbQ;36;3
2X8BJLBKb2Kqw3e9VrA11w;34;3
2szt7ph_P_dCbusdAZmVyA;34;3
oTZ4599tDFqW2ftG17X20A;34;3
H-M5_dDia333NHnXLlc8iQ;34;3
57o3MsyPGpQ_eIwT4_5jMw;34;3
ERcKm5nf2VzBZqbjsxjZSA;34;3
Y0J0gUhrdwtgNxdPUY_1Pw;34;3
piy0Tr8mqbRLEnexQati0Q;34;3
SqfKRaBlyVqcRqK8HwXd9w;34;3
RA_J0-O7J1wLLY7MR4r49w;34;3
0y7oWWOcm0WtbPISjiShDw;40;3
j1x08O7AQrhAfbQ4a3tojA;40;3
qVdOw1dRp5qowDNYIT4eOg;40;3
lM49lVVMd2M3L7viHKUf0g;40;3
5dyg_g58xyntr3jgLaRbRw;40;3
GnVxtWdTBvkQMle9HZ058Q;40;3
G2fw-WvwFU4-eKr54fDhow;40;3
IeDegaHlqF1a4QO3oCIOQg;40;3
fExiJSvnxjhqAP3CrwNt_g;40;3
_RPmTQyqKlV0r3tCrABgjg;40;3
bHOVY4TxKe9srIODx-Pcew;38;3
oLDaX2vlBWX0kI92ICDtIg;38;3
ptudsejI2X6EA17jcNy3TA;38;3
ayvP1PsAmxbQl9kbWwfaEQ;38;3
rFE79xA5MrlhOexBAJfeWQ;38;3
-EhKT92R4I7u2f0PAq81JQ;38;3
FoNwCCa8V8MxSmfmtbR9lQ;38;3
txh0gXle6_Apc9niNDgATw;38;3
lRP5YRG7npuct7usc20-AA;38;3
OEa6TlevZqMSNeGgE_FP4g;38;3
coHt2p56zBt1nb0GOiQynA;39;3
al_4Y98bXkBlZqyuWZYrIw;39;3
6P6k6hXSl_-xwqqPlZPl9A;39;3
2s2CVdw8aH_Dwb-XKDGogA;39;3
WfW2yeKmxVAa8Ksuw5O__g;39;3
Z4PivSqSSFdXSlM4pW2cJQ;39;3
lkc01TVTMhdqmggwfnAY8g;39;3
vjdyXZ1n6meupczFjhN3lg;39;3
vNYgXtytmP6LhZvDZqXTqQ;39;3
38Oeug-kqmi4uRKMpIOzHQ;39;3
lTJ97UAzeslPRapX_CeR-g;41;3
KAUnrZfunDddyLxUi95CbA;41;3
oBhhkjsiOeyXH5TXgrNnyQ;41;3
coxwmZNvtsQurFw7XA7_RQ;41;3
oZ-KdEnPsbpR2_bfgQdayQ;41;3
uWfUGeQyg8MHE5lkX3Z_Ww;41;3
wAlVW8By9YNfSYr9D4Hk2A;41;3
G4ISqUlLRwKhR9ne5VfK7w;41;3
uQACTFpm90zTgyDCjnuFtw;41;3
F477pl8pRj_uKo3TWH-jGQ;41;3
1LPjpesVse85-ti-psS7uQ;42;3
ZZSfB8Q3Itm2ckIQBmtmqg;42;3
3iGcfecvVuUyERxcyIsm4A;42;3
y8LEevoh0-1npWOrBR7SiA;42;3
fWYE356hyFhKV0hN2J-Npg;42;3
YtWY3R9h7rjzxKNSM5iWgQ;42;3
N-f6v012RyP-zKntNatW7g;42;3
-45wVgkl0GWz_zoQqQ53TA;42;3
6-myEmwT52XwLf2UCZL6Fw;42;3
TYhm9RZG5P1OeoYQlc2rxg;42;3
O2u6J8Ih8nI9KzzgVw8WyQ;44;3
IRM57YxXvIW13M3dbMfeaw;44;3
ofbTiyrpvG05LjjD71EwVg;44;3
AiUrjcmv5-LmQqFHwrxIqA;44;3
RGb3JJErTuOxcWCYMJ1xNQ;44;3
m0kH96pebRUjX5HekvgsGw;44;3
057CfLHiwQvlEQQLSynfeg;44;3
KcgZ7T9KQHJnFSbfVNHAKQ;44;3
HruxosCRhhPn8n4WWiGTWg;44;3
emtF75XCN2CF2WxGVqMX6Q;44;3
UDA7F6QA4D6LDDfirc6RNA;43;3
6cdbmYXisqTVQFycd1Hohg;43;3
xNSzi-dLIDEwfr_ABkoa4w;43;3
m4yR_bPATdDgbU0dQtjKDQ;43;3
HVZhQEyp0S15B0pzaGaOrA;43;3
hAbt5SqmlT2RP3FHKapS1w;43;3
_vjioNeqYOhFLftCqAmlMQ;43;3
brpaUfHuQo977NWOJbaqng;43;3
U_GGdIBlbsunmFvaRNQNzA;43;3
IqC0ZoMVJ81fPZO_307aCA;43;3
GuImcB7THGxUKo4EPH27tg;45;3
qlMz00v0kIFpz0FcTtZcuA;45;3
5MEU5uMo7MFNnWh37nALyw;45;3
ta1I-Rv0kXuq5w8jMyGZuQ;45;3
RMfOiK72jbwdhBphpWcckg;45;3
DDTQkQ39kLwJg6gGDcvCxA;45;3
dpNSGKSZh0ricol1wLOQcg;45;3
G7CyO5e8cm1fYzePZ-Nbhg;45;3
3U4cTlMOtMQsEC-cOiAsfw;45;3
6lZSiCEva43ljx4cbe3jFA;45;3
4moM45pNT7hRap4BZnjb0Q;46;3
XnpH5ypmfxrPIFNrh87BJQ;46;3
DNfHXKjAr3rYQzQsdZwzSw;46;3
r8RNJvH9Qi7Rub0koTNWFA;46;3
KGfvm9l94tTL-RTx2kUSXQ;46;3
LJ9AbjP-mfGCgbKerGBm2w;46;3
2lS0eHHIUPtZGcrGViZGHA;46;3
Ep4tLTjNZhROgSYCzVL26Q;46;3
VaInkarAkd38cUJBou5j6g;46;3
vEKX3B4xN7DdALNHJ42qMw;46;3
oFfYxeRJ2JGZBUjAGpxQWQ;47;3
OezZmHr87kgtPaIT8LSOiQ;47;3
GQKdjWg3nuXL6IJ_MJoobQ;47;3
vUVw2ZmmtKHXnutcDCcGYQ;47;3
EkUWHEoelLLydQecgQhRwA;47;3
TSsV7Nj69_txUb1JV4UnXg;47;3
ptCFXkoZA9aGN1KWdUJqhw;47;3
xomDNPlNXuzHDbMGLWxmsg;47;3
VjWbKSSkE8gjrz-XtCVZ1Q;47;3
Q4bjZQC82XHmY6T7B86CHQ;47;3
f6fBGooK9FKd4G4nw0ZTdg;48;3
yVcVn60TSfb7inP8H98vnA;48;3
ArQO4WKZSGpI_0kpEP-xbA;48;3
bL27U32MkFBPlEhMKUZmZg;48;3
U2192y-nTDJI0E9aXvEoIQ;48;3
k5GTqDl5e_gZenVdyfIa_g;48;3
gefqu8x6V3cm6m5DN4mWGQ;48;3
CwQvxE2Nb8YPV9NkXqO2lQ;48;3
2XRXTacJJCHNkHKCIRTrzw;48;3
SLXIF91duNRQVPCCteYd_w;48;3
jVD2STnPWdKqEH6F4bSijA;51;3
ZZ91wxzNw5FQn8j7Jye_RA;51;3
XAQ0wn6ofd_xnKL2F2-tdQ;51;3
v0yroRhZNOXDNdipXTEzog;51;3
Btpbw-YBecMfToh7f5La2Q;51;3
NYT7Cpum3IC85oOZbCJ9Bg;51;3
_NvwkvWeLle1Zw_Q-tAWGQ;51;3
5G6qXEHboQLDt3B9YYyBLA;51;3
_Masrti9lhPdZGZpWOZn2g;51;3
ooslQ1qTcWjJjnSox_WqOg;51;3
m_fAEmrQk_1qCrgiJrrJVg;53;3
Z7OsTozMsB5jU7GFFsb6ug;53;3
iUMH66ubvoP3vTsJBpHMTQ;53;3
uOLuZpRfPAZ4ArfpBKrNPg;53;3
Zizubll8o6TMi7qDvl6EOQ;53;3
HvC4MOtGejFzLd2M6RMnxw;53;3
ivhVD5N4WywoNwDaSB_Qqw;53;3
-4Bbx03p_DkTLSYT-1j5Wg;53;3
ZvmYVsxPBPHzFBWFkLBwfQ;53;3
dPYhdJrHc_nndGZ0_aRTJg;53;3
4tSHH4-UofAMxXwilr5kUQ;52;3
lYbA5yVksIjpzDR-fapHPg;52;3
B-xQaF4Ir_sU5v8Qmlv3uw;52;3
-KrrsOk-rt4mEaJGdBUYiA;52;3
SlX6I4oSHV9ir7Hz21EBqg;52;3
KUDyZlJe8ZHPSBr_C5UTAA;52;3
msJwDDCXqqitMX1njSPYsQ;52;3
FwZzMGCFZy366gJvV9rXbg;52;3
10B-U04qjE7FjK1DQBYImw;52;3
fDRMAcYva57z3Fb2SfhrAQ;52;3
y8I8qpYqbxjvCgyn76NN7g;49;3
49xOR4S76_VkuvCEUgz6cw;49;3
poiFCm2uyNLxZ8o7xg1kcg;49;3
eHunK2nySMtdi1TtMzkJXg;49;3
32lUWsD-c6UmirGUW-5aOw;49;3
cQBniq3_wVR-buUNor7lUw;49;3
kwKR8301DLm8LtBWpmrXtA;49;3
SaKP_YTMu-D02k_h_lgt-A;49;3
-M3B50Xkvr3SO_XKFkE-ug;49;3
jk3JMwrVJNHRHwl8O6bqIQ;49;3
q0WUxcBVz4P2j7aOx03cfQ;50;3
F9_u2jVjBf9pV5cPaygF2Q;50;3
BjbTNyjEL9_M0zNOJ2rz2g;50;3
rhu5FLeKLvI3s8LJVJhi8Q;50;3
CeD6U1_t0ydkOlt7U9HhOg;50;3
kREhTlVLq3b1Mc9tCl8iGQ;50;3
2g8Ov-lXmDnZXWZZVWxLzg;50;3
n4WiC1jy4T3zGWHOIWsKhQ;50;3
cVOiEJudb9ic3vI7gIwVHg;50;3
WU3TGGPvFWimsAUX_iK1Lg;50;3
DvjwyncleVM8Wzr48cC2SA;54;3
Vlop3N_VhwljOloTaGnyYg;54;3
NJ2y-RYRnQJiI0pI5E3f9g;54;3
qfTBWcjkcteegYa7fJoqaw;54;3
I7FWuzYeZRBMlBZGL2XIPA;54;3
a7oNcT7xU0qyYCNWZKoVTQ;54;3
jnp8AJugcwXuip3xEx-9ww;54;3
Na433fTXmIW5O1yei_hglw;54;3
S7cp3kIQe-1tMXy7kUHAXg;54;3
rm4-WNyolqibddWUHu02gA;54;3
yPj5EKPNBq-hoC5H3Nh-Ug;56;3
tL4magNCXzCYuszuB1hQ8A;56;3
uENMN97HrtlIm4TlZjZnTw;56;3
CMMahCEmfFhB-VQyN2m99Q;56;3
3mVgiqoh230DLpbj-Cu3PQ;56;3
xRuH6RUYUfVJ1BwSbub8CA;56;3
Yh7KXGizKDaM6KYB37Bi-w;56;3
jjHcdVJc-UkJ086B4suRgA;56;3
6ZzE21lQtaYeWZIgD_EpRw;56;3
Y8eW-1IWiCv6I7LvWibalQ;56;3
Yze9yHDKQ6EkW1F9EXHZjg;55;3
2yX7vNzW8jbBWrRnvo7LXA;55;3
IOuCdcdswanJO8cOGoM9qw;55;3
FXHz8hF_47Y_EJbti7uZOg;55;3
TBLuv3PIKegAKzuY2NbuaA;55;3
0CJB1Lx0B1TYmlYxAc84bA;55;3
4fsYEr9SxK4YnxGygI88Pw;55;3
mTNxfz8AK6j7SidLojcN2A;55;3
Rvc5Lw8kNVqmT7gn4Cq2sA;55;3
TMrCGkeDd-5ksNPWLTO9Cg;55;3
zqLDlDQsuMRXlI-GNaZ0uw;57;3
Mpy117_-LIEFDXxWxJv6bA;57;3
uzxwN6QLaS0oHdjWM0qPrQ;57;3
KSg1JbJm51yoWY1a6uLPxg;57;3
mK90_lVUjq7pqif7CwPnkQ;57;3
E4V6izpqhxL9r1EsAk2JcA;57;3
i2i1m6fevg-VGC22JNIP4A;57;3
T1jw8DLQMALXG3SyVxKDrw;57;3
FuGyuIlNy6SEX6CdIWU6dA;57;3
6WSlOvfkOBF6FYhXeHlXJA;57;3
tU9rUZpFD_uryv87B_P-fg;58;3
ElsDd0fED5GrxGW3bVZbXw;58;3
TmkKR_ZXI4lcDadEdrkqMQ;58;3
VQtDEtxhJdJiHr4HD3eTyw;58;3
Ds5rMnjvAyDfLKOxaea73w;58;3
QJ0SUI-Bv6Q80ZDHQomKaw;58;3
07ok3ZUtS--Dah4IzmoKcg;58;3
JJhkY3SGL2vZVPHB6PX1Ag;58;3
H5K07sBl01KS-xREHE32xw;58;3
jwBx9CO6aP2PrKsUZddXIQ;58;3
p9VP8eReSsBrl-h0RIVA4Q;60;3
tbyURBHpaQcGB_6dr8MRnQ;60;3
sJUF7Zm7z07clkyJurfrDw;60;3
xqO91vcYBr3eW_ry-1TyUQ;60;3
cn2ka537_eAxguPzbAALuQ;60;3
2V6BvUIu4rBnRqnY0Feokg;60;3
NnovtA0KIebp3x-Z1kkh-g;60;3
9EhHM0wlLsb0-wh-ucy31w;60;3
HVd7RYYOzMBOFJ1rFTSwgg;60;3
hDrRYqr-BnOUrGQ7pmlZYQ;60;3
w5YCajFqZh_UCe-cEwF_dw;61;3
LZedgx7jDwuqEtVKtb5tkg;61;3
9ylErwLRJmkCLYmPP_3ZzA;61;3
2QRcAiLz6E4FtwcNrj2RrQ;61;3
q5jxMiXOGaBQbqz27DPkWg;61;3
4cuK8IDhq9f4EvImdwMt3A;61;3
S2WZlTXmkFR9I2JffnCIbw;61;3
BTgHJxWGZzEAgbaX06Oo_g;61;3
WTZPQ5nY5_M5pfINQ5svoQ;61;3
PK6c-6X4eySwdxrQxxaXZA;61;3
2ujcnxuJ0IOCM0PNd7qbpg;59;3
qxMhCYTTxk2smwZ-7-1m2Q;59;3
baMJQVaQB7c3YBgtViIghQ;59;3
8M9F9iSS5MERuf7DjVji5Q;59;3
IQ5Uj4q2sxQAMeH6JlpVxQ;59;3
TaOk3lCqrzcsFYzeP6UgbQ;59;3
0VNw9-Ruilqqy5qP5A_ytw;59;3
sbwgPr0GwGcZtZtxw1PhfA;59;3
UWPAwjYglr5iqeeH4rbxRg;59;3
lLUrEvkRrEb4ddTffbia3g;59;3
hk6v0LlbtCUDfxF2o15b2Q;64;3
51Jr_dnDS0goivbauwzHfA;64;3
MXfgFfP5X6V2EmMjAI6Itg;64;3
_B9EwcdoIEH-p8UZZDIeqA;64;3
r7oLdxyEEak79MVYHWcnSg;64;3
5yfcuS7CAwKfxxJ3SBp2XA;64;3
RW2tBOrQTYsv_sz4z0dGvg;64;3
YsOVfP-d-SI8I3BRGlZdRQ;64;3
9y9BUMNcKCVgHAJZ8DS0yA;64;3
7lMPnZ91o9Q1UE11_3Y0pw;64;3
u7Bm9COlyB-tINYo-qRtiA;62;3
e5AMXPbi-m1OihN_tF4fCw;62;3
pwyZI7Jbv-sF29U4JbWoKg;62;3
jMI6Cqy2TUXododbaVOFlg;62;3
pRDzpXMyOyEJhYYe4LIgSg;62;3
G8HrJU5m9ZaQheSWP7d0vw;62;3
coeM4gmqtw3Z4BhRjZsv2A;62;3
A-_MO6GkhU7f_-UxAEE9-w;62;3
S__EgIsZB87ETLEgOQsGWw;62;3
BHdNXYBh8TUt-oRcsRUBYg;62;3
tYemJsPrP5uUpoiYDHQ3GA;63;3
9YJVgjjTan3yXzJKymEPhw;63;3
wBCzhCehLDi44EJYX9ZwGw;63;3
-fscr7DpC28tjjSYhaybWw;63;3
ymuwZj20kxe-MkfMBfREBg;63;3
Su0nu4UCMMr9eDISi6oVwA;63;3
GEPUm74JgtSdl6QJl_gZHw;63;3
AeIHI-aj58qR9LPTGvtN2w;63;3
4WiDXDSNCu7pBNLKbe7I9g;63;3
xC00pOXM7Z9U5wyCv1fEPQ;63;3
j1ApjoTjCzbcY1MzbGycqA;65;3
JzX9K7xn4YmE8JMhEUtfGA;65;3
XZmkrbYgA388n3HRsw3_Fg;65;3
aoQkD9vJdW2hX-Si8to_oQ;65;3
5zUTbptAiQI_drGizFFCyQ;65;3
C9_Y_MLV_p8ePkofW7NoBw;65;3
aSSAkt32lcnmPT377x2iQA;65;3
vcE3e5SCJIav2ijtzR8i5w;65;3
ghOGdJ5Q91gmFqcvQw4ZXA;65;3
nOrAsLo-H-RiWfAfgElOBg;65;3
XTHoVHfcpln4c0psWwV2Zw;68;3
KQWntTXrX1zEZRLlO_EsIQ;68;3
QcfM0kYIGR1A2AbfmsKVKw;68;3
YVfwx2bSgoU8ykJnRg4HbQ;68;3
i_JwGXW7gzQ1hsimICWVww;68;3
fYEBCO3017okfemntKU_Uw;68;3
EAi_2Vggv6jkBCEgZp7QvQ;68;3
12BQiy2FBjrlxyq4JnCECg;68;3
79jHmIHYRLVczK5AhUtO8Q;68;3
ct5kkOuRsZN6upmk_cSd0A;68;3
rKw3_ZwaV5Ts6BSxvJg4fQ;66;3
Zx6W3mb6voquT6HieQWJLA;66;3
zQw2Z5hMtXi0BqdlhLUFbg;66;3
i4oCm-8-HllOkR4r3l1GWg;66;3
COt7uXENCIPtJp8j_wV9cw;66;3
GmDkXlyneTecoIRF9jg_jQ;66;3
NkM5ZNh4OyspO83Pmbvogg;66;3
HiesU60nEDWLKQhFCHCU2w;66;3
vEDiFz0Y73aC6nn2t3WRAQ;66;3
DJ2yR7mgewrxEhEL9Wv5fw;66;3
cDB211-9yjqZKytKG6K0cQ;67;3
MPApFhpZfuRKVPvp19wI6A;67;3
Fmbb98fDs9vLeuNC8KjezA;67;3
9ywvEUs06qjyAd_ug99lIg;67;3
ql2x4Uw0ZU8ytTcBXS8uCQ;67;3
QUSIoYRprOdSGppHdpRcLA;67;3
uCJ5NvCrNmGXwzbzPLw6fA;67;3
dbjAJyNjv-2CKxOEfHcHgg;67;3
eKAxonfoBrj6Z5-opd7zJg;67;3
1MxtO7m44mCnh71YppSbzw;67;3
mVSgtZ39YSqfdUi09J_02g;69;3
rkpizkpx4xIX4b66fG150w;69;3
giFjvAiIMayVCzEkZ1E9aw;69;3
nXUFwIOAqt81dh3ndcPY8Q;69;3
rNKnsTGtCtwVGRP_bky8wA;69;3
jdosFOsEb7cUMidIifYcsw;69;3
lAeGD1NAVieL5NDts8uFlw;69;3
mzQ4-aAvtvFRNcXbGxWVJA;69;3
w_CbmK5bBIDW9j2l3uEMOw;69;3
_FLyDnKROa-lKWUTGDrkQQ;69;3
g7Sd-0ovoUTUdy_ZHpfyAQ;71;3
cCiJMYf2_1xZp-RWjmgzyw;71;3
YCWw4MjYmwZvImrYS-nq4w;71;3
pEJSS3VKeANAE1BKI_3A3A;71;3
n176gkvUAHqcuD5BIZvjTg;71;3
zQdU-0FvgcnjgAv8_vFrew;71;3
siBmGD8Vkj2zZR5wapM-lg;71;3
p57LJK_65yOtFnKCftDArw;71;3
3bjQQQDM1_u1WTqKWwwRmg;71;3
uC3CFnXtrOfLN0Hv1QmWwQ;71;3
4dmiH-y1Ur-3ei201-qv5w;70;3
S65IMLaJrUlx_HsPiSRbpw;70;3
MOqCkFfJUAr4scWLa94-ig;70;3
K_NFsaEosNSg6TjwDmsy7w;70;3
xF7RApQjTtTW3qKu9fAdcg;70;3
wo-Mw2qdZGUOZmXuSK_7aQ;70;3
P2B7741uEDlduNotXpRAmA;70;3
M0Uz_tZLwZAsBxzBAmZRsA;70;3
xRob_Ns0N6kqWojodg9lQw;70;3
Lkrd46TdGZBBq1nO3VfFdw;70;3
cq-Hqv75Bwgvsw1JZ4d4Vw;72;3
zS8w6YxwJBY7vQXOa5ZOfQ;72;3
sMc-N2Htq594_JebcbIoFQ;72;3
EGj7Gip1fjev5RX9Z7dt_g;72;3
1qpDvDgBC6wGXmJRkfF1xg;72;3
b1wTsk965gDPCPYOJfllWA;72;3
gk46HWwm0iafiRikVdArOg;72;3
U2XyhjjQdfKSFdOCafjrGA;72;3
6dzo34IE0F-bK04KSo6nUA;72;3
kPO_00mF9Xzcgp5nmC_fmg;72;3
5klb34fW4xu7rwPTJpVV2w;74;3
hL3BJK8R9h2Orcx9SXILmQ;74;3
gKTtbDuNfmUyvmzSZYNY3g;74;3
Vy_ZqQKdXPBAU42BirUflQ;74;3
BVQvM5ZUedxb1seXYYBkjg;74;3
BMWWTIm2JD1Knk5nENSCLw;74;3
la7Di_cmhUQbuzvTE57p0g;74;3
6QkOwyCW0jO_vHjNaw5ivg;74;3
XotdYkyP-Sr7yEilBn8mng;74;3
XB-xzBHyccVE4FUL9SaPbw;74;3
f2PAHSP5ypc9FeCw4X882w;73;3
CxAlk-VTu1v2R566hGGE2g;73;3
Pb_Tb4sXYS_G4BesUdnJsQ;73;3
i8qzhJ0ItgNJ3s5fcCYB2g;73;3
HaZq2O573dmffshatkAjCA;73;3
h0gRR-KeTNE0jUD8lbacKQ;73;3
H4A4ob2y18qdTsyhIfScWA;73;3
frRkxeA_ECfcf4B1Fm1d_Q;73;3
4gF_obVF8757yUeL60uoeA;73;3
DdE3DBgayBRE8cMx9XNnAg;73;3
l40kNjF2EaS2Jfo3zGlEGQ;75;3
zSJppCzc2u5uj5TpCiiadA;75;3
CJC0DEBurVzbntqIuYHFEA;75;3
84XV1msKgN4kZpzVBw9jzA;75;3
2_iWvKBAWmpFveKNRJKcVQ;75;3
DvZh4i8RpPRz4LpUidtm-Q;75;3
m0t0z6tQ7ShNvx_dd5UpPg;75;3
M-d1rFpA5y0aJCMKiVqFWA;75;3
Fa0HxE3NH71FBxuKH1RuGQ;75;3
iQMS1x1Rc1qVyqPX588q4Q;75;3
PCB1WYO4NSla9tRyLbKxww;77;3
Ly9VhR9Q0oZrlrm0ftHvAg;77;3
Q9WfP6c6aadDH9ILHpRiVg;77;3
u2RdRmRkbnDenkGRRcU4WA;77;3
gVgPfQP5WXO2jtaYYG1iLA;77;3
INW_s6viIjTfUjjIXtpkgg;77;3
LdMjBRFtWVt_6BAGF5nSrg;77;3
9nJAzhzafIziQiOmzun6Ew;77;3
2OYbtictp0kInXW2VpIYuw;77;3
cV7_8c5U8L4lXk3dlxWntA;77;3
5nTL8IfmSHsL0Omx3XvqzA;76;3
pRgFUqQY2zj2SfY1a4yCyA;76;3
B8P2vP3w48kZ6yNnKv5HPg;76;3
6UvPbt0w7QU-uwuyK18-dQ;76;3
KOTAaZeIAnJgZsll8wDUrQ;76;3
6q8QsAv7WQW2-5akp5AuXQ;76;3
gAeeiGO3j6dQr70SxgWfoQ;76;3
bzo86CjjoDAgONxAZHlKrA;76;3
kqSwkT_JPsNp6q3hMiQdzw;76;3
xcdAXWxL46AjHUNkcJbN-g;76;3
SKbCrQWsBwvHXo-xQvmf9A;78;3
ViSY7yAwyzqyys0x_wyq3w;78;3
07mgjvHkucjmpSjguwlV-w;78;3
CC2IcDPSV_g0kDs_Gm-LZQ;78;3
gPzbqXWnkewQETPRfWNqBw;78;3
ybVO8GPBV9jRCKyEB7LY_w;78;3
-ePlzCaD-ljPSvra6yOwtA;78;3
Zj_einhlLpiteD5PWFVNmw;78;3
msfLzfnBE_HlvBj_xAXn4w;78;3
2jmAjrQWfL79VSZQHMm2fw;78;3
TPCjxAfvFaGClE6gMSTYgw;80;3
y21reDP3OeoKm2bOJutLaA;80;3
p13kh92ZGX5zqR1thCh3fA;80;3
wdcoFDwCKl7KD8k5pUBekw;80;3
Otg2thHsS7GnJ3EBSEGlnQ;80;3
fz2USXxx4lwc1h4bdJJzKQ;80;3
RxIpUUlaeMr0pwT2DnAbdg;80;3
WJ2n9weQKdIQo5ucxIIcWw;80;3
xZurepliszA-s93fIQvgTg;80;3
jYIRKnRuyYcrnPfkrE8OHw;80;3
O584-JTSuhiL2k1ZT2LVZw;79;3
Se7pA-C72n7a0jKPyI_8lw;79;3
kdQ26SbV9TkPUzX0B_uWIw;79;3
BYO0DYJvQks1ySLV4xhIAw;79;3
VaxiiADTVqtHQVOhesaQBw;79;3
wMG12FSeIAbg5IhBSs1aKg;79;3
pbiFdSMcvJJySPssQt_jtQ;79;3
_sbDek8zpzuAM71iKqRdww;79;3
RdIOfNtek8pLBdJx8GZ60g;79;3
9D6OLJMrgRdp3HbrHuhU-A;79;3
__q_SoB0QW03FUqmRP4Jug;81;3
6cuLMCWPVi_p1g541M--fQ;81;3
JYTLGfQ6Vd6uInFOcAEHyQ;81;3
q2seDVQ5nEbnJDJeCvHjiw;81;3
kXD4HwZBRnqBdvzmWeUHWA;81;3
5MH9v1t-s0yRG6OXlQU2tQ;81;3
I_KOHENGekmoUuVxpazhDA;81;3
1ZXE0gem6HlAN3I7zY7h2w;81;3
eBrzWg1TaQ-Jxof-lbiCtw;81;3
e6WYj8f6EmbfpRlFO-DIZA;81;3
42gMXnyTB_I62Y55OUYAEA;82;3
S-OTK3CypkRA9HyxqwJ_Kg;82;3
pp00X24vOHXgQife75ivsA;82;3
31TyRnqUrZ2DdFviim0-zQ;82;3
NsVm6fsH-Awex5E8piNALQ;82;3
HKUNQSAWt_e7C502blXXxA;82;3
EjsSuziEXaH0J6FL7FCa7A;82;3
rGaQ1tVOSvWAEssOGCRBmA;82;3
ZAxydhxCgJbDCYUWnAeLLQ;82;3
sv1mS86MiWt1VmwyJFdJfg;82;3
q6plEEVvgwZVU_l1HsHwSQ;84;3
pbud8E6pX9jjJRm8xsB9BA;84;3
UdqFVXhGzfQjtBmTdDJ4fg;84;3
J9AbvxGP54a7_7w9V7AVFA;84;3
zUfrAsDAO4XG_yDbAHgTIQ;84;3
9_lF8ORqmFLaAImYW556jw;84;3
nPUE7H3zbWqGCGV5WfsV-w;84;3
VKbq3LyIZ5Opas6LsPyhTw;84;3
Kwz0UeHhW2WZ5doekRYSHw;84;3
9lzieACJsg2m8PLCc6fpVw;84;3
5MEnsBy3dtg21psqUG5NyA;83;3
XPB84r2ze03_-cp8P_LfQg;83;3
lvPNhwaobqdvqLoh1MVaWw;83;3
gqwMJ6oZEIKbQiXUYsiMJA;83;3
b9MD1lB_6HLgNTNEpLujXg;83;3
lG8uQa2oPlqSIB1a3BfOmw;83;3
qraNkcC4cXQZGVEuNM9zpg;83;3
StKrb5aAdsjKkusP4U7DGA;83;3
00yrRP4MkhePPPfnDO39Jw;83;3
8t6RpLRVTSWWTOVIc_SBdg;83;3
UrYYrfZV-LhHmXA8FDvslw;85;3
bBILchpwpR7l0kpPbqf75Q;85;3
YtPO-m0_nbOZ2X3Xg0by5Q;85;3
dDng0YMf617Ul9_fgDt3FA;85;3
eygsr4e_mDNC5gOkFMq55g;85;3
S3zL5VwNKR-fUAB3wNR_4g;85;3
yxiBvubQgOjd2gne9z5fHQ;85;3
UJvkOXNtDx3l_I12khSomQ;85;3
opZYq3KjbSIrArUod47zRQ;85;3
ZcVum2ojYnQsYxIjyfOMGg;85;3
kMchSpt0MbgE24IOtZhk0Q;86;3
fmW7eZarC0kclM2HgFzlKw;86;3
im-1B9rP7x3BTQi2A6lRNA;86;3
kM9VmElUrWPkCEA6Cjqi5Q;86;3
AnBHJKKLG5GO_zLs7Zc9Sw;86;3
o9UPyPwGj3Vtfm96n4mDmg;86;3
PdY0rSg6-T7n7oR7P8kULw;86;3
IVN2PUscr4dywOlva3eeqg;86;3
AA-0pR6vWFjUVHSIUtgZgQ;86;3
rMYH8mTytR7kc0GefrTFug;86;3
m97EHYGhY-OS8ciugV-2ng;87;3
t64mQ5DVMM26Th8c48ud0Q;87;3
BzEg2rLZ_MOrfoFTx6KG8w;87;3
fRAw2eQQfkkTg9UcHaczDQ;87;3
rNRUeBOfz_G-8eRkKJCTrw;87;3
LHwB6uVSVWGJ42rFR2FxqA;87;3
DYVFw1u-LBmfpWdA4euHWA;87;3
2OJoAKKjOBDemhPYm9z_fQ;87;3
ejR9mwymFGlzGMMOGSu8fA;87;3
e11m2BFULD8JimEloYZFwA;87;3
Nr0yWqYGPZLCMcccQDIkSw;89;3
dfDHrqwkzXAZrpgoGHEAaQ;89;3
6zP8N8vfLupRUKSi830JLA;89;3
LjlpnAP-rX9fklzoeM95HA;89;3
YnsyqI-HrPBpntqjRuXKtQ;89;3
fzTIfbn8gvgcms7UfwejZw;89;3
y1wmNj13L10M2eemmoV-pQ;89;3
ZA3HUxvD2ph86ngdiD15pw;89;3
FpTaRxngFwCUvR-XZpvP7Q;89;3
zEaF0daWl6K9YuQIQ5k4mw;89;3
8rGOglfyH6Uf2Yk5V4qjKw;88;3
aEt9yCID9YTA1OpLwdycGA;88;3
vfd-ZJFSZXGSeBS1Xy3xlQ;88;3
ESYM2gd_RvXx6qzGMMEC5Q;88;3
qlwMRTuQxdzMzNdCq0LnPw;88;3
O5ezE2YxlwXK1bSAAxT57A;88;3
SLXSp7DTKph7MYUs9hv9yQ;88;3
G5DkBZufpVnPbj-Fwi45iw;88;3
XXXnN7bh4MRW27Ggej-8QA;88;3
DhaTNhA45IC72EVlJaHUTA;88;3
FPVRabLhgZosHgzKPfGOaQ;91;3
qa0y8rwRO_8jDyPC1Q3sPw;91;3
GGE2wcQRvvtKYhyh_XQskQ;91;3
bGCBMCxxp4dpRtF4sZFPnw;91;3
mtCu6_XBDL5Q7vKWHQOnBA;91;3
H-CTDWeIjNqTZQSVBVzu3Q;91;3
C5-qG3tH_7x9yCoIs1rPlw;91;3
x4YHdadTQbgPHVJPdLlNAQ;91;3
TUf0Y59gTZuFLUFP64Jx6g;91;3
np0YcR0U50iIjIZ2nYwzSQ;91;3
iXu122h99blWSgW7ESAISQ;93;3
l2E-GDxjvXoPRrAt5v6GAA;93;3
gVzNGCr9tG0BXePUecBCrw;93;3
7c4NqL3fQTGbSVt8-JMXMA;93;3
P2WgqUjBmfdS6kzezl5RFQ;93;3
F1bOkylAHu5PcVCi4N8AcQ;93;3
kwGgintuYNbnvZpwgAXK7A;93;3
YDDlf0xyxL8A4fJrIFhm8A;93;3
Jer6wRv0cvo91sM1wGX-4w;93;3
VVvu6znDT_Hfm5Upjqij8g;93;3
WmysRFxB2O27gysyHnFojg;92;3
bYb9MXXqsTmP_1yY8GeLPw;92;3
b8VDhbhrPBbOU5Yy3n67CQ;92;3
FOtV_LOkuYQhLDE5pLM3uw;92;3
lhB6596vSfWfKjyf5it8yg;92;3
MkHEM7igt7jVNCS4kXbN6A;92;3
apTzF0G3bKOKvKDdEBWRPA;92;3
F5g8p40rgq-ha9EpT5IxRg;92;3
VcqfCQL6qonekQaSp5Khsw;92;3
UUzSu5vd2YHiSEW2nObYhw;92;3
TWTJTwy8lEjcyctTQlAFSw;90;3
N5Ul8cXSCV6kGRhinR8mxg;90;3
HHYUIxQEH_GXM5sQjFfhZg;90;3
BK4qXHaHIV4m_ouhEGn-KA;90;3
K0s6ULZeDMuB2yPCV8rIMg;90;3
qOcjoO9eGr_rZul-DK6YcA;90;3
af9PrNrpGjEHHaTvNrSJQw;90;3
8OoojTsfqRiVr_-h1grKTw;90;3
nOwf5kFjVHqrRjepJnYxsg;90;3
_GWSRubp7lpLtD0gbU1dBQ;90;3
iUAP1HDDU8fth5NyswOpSw;96;3
tjNFk4Bo0DY6vRv-G-vMpw;96;3
hX0iXXWRpyIP7HnsxA4WDQ;96;3
-wk9o9NrBDVx9RN79UY1Hw;96;3
o-QI9H7YPMRrHBh32sqSzQ;96;3
w5i7-XA6o1CrqgC9ljs-1g;96;3
zbT7U2-fXTAeikquhOfLUg;96;3
nja-kpeo_2ROdp2oM2dHXw;96;3
FBMf9kIeuD2xqmbooI28Fg;96;3
KT_GUiVdrX9-TLmbL09UeA;96;3
YEQfVjEK-r4NpRIonoP3NA;94;3
F572rH6HiXyFF__ryg70iQ;94;3
VV3E3-DZGTqkeHZMmjqhuw;94;3
6DWggfAU0K9ujZBzcdnpbg;94;3
V79grhno_vwm6uhIjG4FNg;94;3
TpPR73ZwyD0KL8ELNTHfLg;94;3
lC05fMzzsidG-p8zrg1QLg;94;3
Mi3q0sS3WNe2zsKQspfqeQ;94;3
Knt51hTImX28a5AVQNzc2Q;94;3
yWma-iULLYXJz5l6xugv8A;94;3
ULwV7XSEef0MR1R-Omho1w;95;3
u0U3GEDyChMegYtbw2vzsw;95;3
FGszT__1iWvBJth_Q7RZnQ;95;3
uoFI6v7BFoLArYzxx9mBAg;95;3
VpyIo-2r8VGIjTOplMgFQg;95;3
U_8A6K7tsZwTcQwts9nkQA;95;3
I3NHY1x9NV08x1vZLjPyTA;95;3
XSIgtc1wHZVOTrwCgz24cA;95;3
dcNyc86WwgaBMBZ-xibeQQ;95;3
kkcipiqL78PJvPATPGuLYQ;95;3
9pl7z0p5wdE_TEhZGjtixw;97;3
F25PocP5Y-GfTm4BzZA8lg;97;3
mFv3PQKhrLiD1pWKL2B8Ow;97;3
pAUUxZu0n8sxzKomZ_87IQ;97;3
bemKcltNiIEwc3j1GgokNQ;97;3
605tl1FHezddwcT4CsieLQ;97;3
xBCLJV0T8iQG9hVf2RJMrw;97;3
X2jnCruTNA7_HLNa88Bchw;97;3
Lfvd_rZlH4us8Xi-0XwakQ;97;3
vK3B1qcKLVv0PFgNEvYJEQ;97;3
0IdbVbDaJkxKs6CuDtF_uA;99;3
nzfPivElRB0nZPujEUTItw;99;3
e-KT4KjZmZ6pRVr1z4R0iQ;99;3
0pQz7rQG19QlxMP4zOz8jQ;99;3
yA3FqN0Sz8wP54YVOXTUdQ;99;3
vmsuyWfAf0lp6ZZlUirZrg;99;3
z-chAQx1dnXxfnNl1KPOHw;99;3
y2HpiPIHFq-LKOW8dotCEg;99;3
-zl87AriKFSAv7ak-M-Pzw;99;3
rJ9pfmJRH36kjSSMd3Fdcw;99;3
tQZRu5Kl9HDR8XlYaxCpQg;101;3
wXaPOEidt3ARuzLtZFe8jA;101;3
VgQ0E4QSfDVPByaLYwkI7g;101;3
3KRq0uLeYiSQOuorYX8Z8A;101;3
b4-158Wh1nuC1uocGlaVqw;101;3
aTzaLesij-CmvxfWjartDg;101;3
R3MVkJ3rd-vnErdYCnGCpg;101;3
WnXrIjXii5_dxgLtVjGL6Q;101;3
LudBkX-5cdQhJI-VNNgg0A;101;3
4flPHzOi1Yykizr2oPfnQw;101;3
wGxel6ee2Ba71P4usoGMkQ;98;3
QXhG6Sljta7n44kIJkGacA;98;3
VNO8IA_tLtviO9XoWp1DUg;98;3
jX-YuvgXkfdZtC8s8vy13g;98;3
G1o71RqTdsdPHzb-y9-xRw;98;3
QarMXRdU7fApN9K2Aw1-QQ;98;3
UD2LZKMK_xqQZlY2IgbXOg;98;3
mN5QnE23r1YE_qrsakQzhA;98;3
D3DTctHT6btm4M90AGEjCA;98;3
BXH_7D554Ax7TX6WxgJITw;98;3
ZBFs1ZydTy3KVx-yXBWFFA;100;3
dHMH5-lnziRA1q6PFo32Qg;100;3
xX_sRt-bqIjzlqsxIT-u1Q;100;3
41RtHRdDbXlwl84pkoqbqA;100;3
i-2EfsY1tebrR4hJmA99xg;100;3
U4LD0d43Bf8FkJFaCFSwvA;100;3
sIVEZH5qcfH44AC-S0yVlg;100;3
abVE4HkcBNOUQ_FnhahlFw;100;3
d63eg1Ecp8VjB-LVqn1XoQ;100;3
P9mwSZJbrCUnJNnftRqjsg;100;3
pegfizsqRnnpdEhca35c1w;102;3
AUe8aZQEjVVUn7e2O9xs_g;102;3
MCUo8gV_Nec8rG0yrvujwQ;102;3
MayzOoONlf7EY9cUf5iZww;102;3
HMyS4zTHW3UW37crAS2Wiw;102;3
dtrZPojr2lxgpybxQ4e6Sw;102;3
lkefIC_tLInUdzVgA9StSA;102;3
8Nxhq-oR9Nm87yUErkS7HQ;102;3
OxKeh9OJwVs7hhEXDwrS4Q;102;3
8SXvVYkPyrNQbZmieNbcjw;102;3
6_8iUzESoretBTs87F-aGA;105;3
Mf1FPJE905KMHKylkSp91g;105;3
ghE75nOplFLlot1-HTG2cQ;105;3
raHlSxYuxmR7CBFpZXYKkg;105;3
ibXvfzWc04_JE8-4cmsxSw;105;3
m7ClzDgcprzLxYOFfLPgwA;105;3
vM5JDb63AtIAR1KdxBlBBg;105;3
YKnqiBb8YdMJx1GrzNDXYg;105;3
hu_7dU3CCmmYFt_X0k6nqw;105;3
9-Dz_bhY-5eQgjwkcBlIqQ;105;3
bWHlbEsDzfFOlGy4I4tA3w;103;3
Hua_1aVW3fODYY79jpniLw;103;3
aKvVFwUL9B6MicYLPiJGQQ;103;3
oOXLmT_YI9tjL2-iw00AHg;103;3
vmUxAumXAl7Ely5uaqbwPA;103;3
QM5vRZT6af2l4zFsZsUPHA;103;3
B0afBtDxv_lpzYZQl-DDyg;103;3
RrQQ1Uvvf6cj7QLXv_57bQ;103;3
lIUS6zX3xxb_jup1I-O66A;103;3
Rt1cPkICfCrTh6d4H4afkQ;103;3
3Ya4hZ6jtfpePd4ascznhQ;104;3
Sj5IRio-Nh0oLmYji23DfQ;104;3
s9Lq1B6aMbAu_nzUxd9SKQ;104;3
S6MqMGYboy0AaGpNligWPg;104;3
aW6m2zQnVL1YWh3Zn4dZDg;104;3
Y2i4SBfFrNGzljJDTMgc5A;104;3
sO3vXEezhwTqQXU1Ji8ApQ;104;3
GRejbQcLzgCLurGZWhj7DQ;104;3
bvVjuBxqShBTn0HPvy79LQ;104;3
P3-9aGBAANiy62UEDLoYHQ;104;3
LRvBHSP9XLgzyuA9fRvjvg;107;3
qsgd_vsv0BwYa6wiOm3qnQ;107;3
QW_l47KzA9g2f3iRu8MwjA;107;3
Fkxsy1GIkdjb5ba-fZYNlQ;107;3
ilejX1ZKTyuIOSDIz_f0rw;107;3
JQ27ZwWo1m-db8Ew5GV4cw;107;3
ft1O6lehWHrs791lFeTXug;107;3
1MakO8nISEtD62TaO2HJ3Q;107;3
vylawof4wKhLYkh2bvQxtA;107;3
m6Z73HpLu4-IJgcpG4VR8g;107;3
969o3ozdrFsyVAhVy-PlmQ;108;3
22ackFYAGHqknGOWeF4c4w;108;3
HekH2Qyu0246oBjtvVGz9A;108;3
pv_ggCAf8lWd1AxswDYDpw;108;3
RK2n6A-1wZ6fJUdflxQ3-w;108;3
5pBeEEKGAYDwXK86j-X3VQ;108;3
RZncPyS-_BKuH8BzvA1VKQ;108;3
Oak84bMifbAA3wvsakikhw;108;3
ZO_apVyxylOcb61yWWUwlA;108;3
qHcECE8GO0rLPC3Au5N9yw;108;3
uxbJeuQ5N-JXRsi4PWLkGw;109;3
vwlhVpkPAxlWvLSir92oFA;109;3
qTRQq5h0cdCN3gzLj_X1yw;109;3
x9GbU6s9-n3jmgJeoYmgXQ;109;3
fN6OhvrwtwXqgQBlCu69WA;109;3
1WDwMhY7Im65YyWY5-baBQ;109;3
aV_gteIsOsyDgGcej7OfZw;109;3
o_NQaaZcOuqOzrrBxC6Y4w;109;3
rxYJcOxXdvovSQzJDxKAcg;109;3
73Yb6eP8xYlAaAfpQD7W0w;109;3
NzBIXgbN4XWAjTccLtr0Lw;106;3
_QcAMsoLzVTTbgMnnvgiKQ;106;3
GdyG6EEI-xl2SSq_zY7hPA;106;3
T5J0QLREMtZ57pCftuMg9A;106;3
b-vFcwPeAJXVwD3lj4DLYw;106;3
YmJwcfQEpwenmYHExmXlsQ;106;3
iGb_L2wmlkHUmjXFp8m5eg;106;3
FERitlqGedB2cBKDRgoB1w;106;3
0MauW74FVcIrfpdImy982w;106;3
akDp2Jb35KxUABbvODP-TQ;106;3
5OdDGDzRALMV1GSP8yg8dQ;110;3
zxoYegnOfqAh8fAj-21VAw;110;3
AEt6gfR5g-VgXy8EGE6e1Q;110;3
Exc_TbcrZZ58bK6OxTWBOA;110;3
lkYt9Qae2d9XQeVrhycJsg;110;3
xCeQeLzxtFeQkhlYuMjFtw;110;3
UYWYP9EIGOKzv6atdxlbeA;110;3
1YVj4GCaRwhX7VpyNQrtBQ;110;3
eqYDbY2WvlAD8wfcMuxSlg;110;3
M3o6_Lje-gvK7TfPQV5NFQ;110;3
7rcNz1JSMIbMUulZny1Tew;112;3
0xI67u55RTqgFqx16tdU2w;112;3
PPNBrw7QV0jluPHW8YpgrQ;112;3
guDzQdCJGNKuiVRo7agOxw;112;3
FStaazrp1CG41gooI-08ew;112;3
M32sfN62oze4VpigAR9g8g;112;3
TqG0Nhrkq3uwuC9utJnZ6g;112;3
lW9Ow1dQuapzJZei_IcBDQ;112;3
-B8ANDOF1_GCkWdwIr97vw;112;3
TJrsKojwl6wlBCHyzyyFjw;112;3
k0lfBNdfgylzb8WCEgWEHw;113;3
K4kx6UskzQh9pECNzPIyuw;113;3
RCZHCUk_s93Xg4kT33YPdA;113;3
ULk-jd4dyPtiUXL4pF79UQ;113;3
TY7PsFXZMo2jBwrohqF7MA;113;3
IlFXuwsKz2HUwersujtmyg;113;3
mIMSQsSHSn5pCqppp9jlug;113;3
kQoc1wLu_SKy4nhkb9qygA;113;3
moiXqCKM_Iru4T2KR2PThQ;113;3
t729ox3ItiPSYSx37MWpuQ;113;3
kwxQ0wUt36fKNTB6aF6mBg;111;3
VzVP9Z9dg42XfKhBtFzKaA;111;3
SRdksSxXsP0OvinY0ZI8Dw;111;3
ZPB_zmNKMZovykZ2vYfDCg;111;3
Ed7aJwCSKrHnGAcvBb00hQ;111;3
Jawp2WV1JJDUTtr0MQt1Xw;111;3
SE6OMV86uCdee-yNtyqc9g;111;3
AOSVISpjXvtxs5X87rvTlw;111;3
vhG-w7u6Tg6KsvJo3M_jsA;111;3
Vp75CoxvCWlKc7-4xokKXA;111;3
XnbKrYPU7U_JkJ_E9_nOrw;114;3
guj1kzPhmh_QIxmuhmkrqg;114;3
DcOIGuQFbZHXssgKAXjcAw;114;3
4vGQxsO3XGJXYqwbWjgYNA;114;3
YyAzatlCJK8Gdu2wmsdSJg;114;3
Jkbx967ISpj63IJWe5HJYA;114;3
M22Xj9n8XM7EhJs1y5nW1g;114;3
nDkeYex_co9TN_1FxqoHCg;114;3
CZTLujqyU4L7EqvSn2EuIA;114;3
B2KL6sQ-cuQ1q9sYvFf2Ww;114;3
fP1We1GDNWxSGo42Fj2HFg;115;3
nSd52Xu9rwVrRCOTta8olg;115;3
dVdrJdOSeKCaUEnfY_3yrA;115;3
3tD25EuJfNnyWZjXqz_2lg;115;3
WsjfBfsGdKZjxUqn8ZThvg;115;3
XQ1t2w-GqQJD7e-zg9zWxQ;115;3
H2tvLYNEwfNTYvaqdvt36Q;115;3
LrqXQRU_umLRV9zVCy8etg;115;3
0i6KsRuJ-V7BNtTvgV9Ucw;115;3
8ludLnejxk24buwWyk4wuA;115;3
vtsQ732i61fMnMo3WNSXWg;117;3
CM-4mkNu1xbes1MS4uhfgw;117;3
TeAAgHKUrDhQSQj-64WVqg;117;3
cDsrYUm-K3O9tKSu9R41dw;117;3
EjgaGQJp8fWK4lHp8k_OWg;117;3
dK52JvPuP2VFvR5d36jlDg;117;3
KnzTrG7QVZ-gO38R26b2gA;117;3
g5DVfkGWQalhTim14FsD3Q;117;3
zSRaicP3eqb_0b1yvOznLg;117;3
-6h0EOdxhq7u8mrtO5OEbg;117;3
VSU-dVj0Im8Uk7l_JF9WkA;116;3
MeSmv3v6gV4W9iZzRxu_8w;116;3
sdzaxR2uwu52YC13tfn_zw;116;3
8Mc0R0KmdM_iKV9szgwQNQ;116;3
zMu6ZfcXh7_52X3cu2Kbzg;116;3
SAGb_KOTQZ4MV4jQJA4IRw;116;3
i0ZXL5WbTQpCuE-kICLCRQ;116;3
COhe3rl5FgiDcU8O7MNJJQ;116;3
LzSIGyeRiZNADFqtTTnumg;116;3
JmldGOuE0n1jO9udjb9wwQ;116;3
dawwIvmzmAcgf719Hv05KA;118;3
69VedAotSbJWRS3UiHCzow;118;3
b6XkhLuhfFuiS_0Qh84KgQ;118;3
ztAR-AYlqVDct9IlzcqLxw;118;3
UssiXNOgMYlo8xcYzYXE2g;118;3
1EiFN8AVsrQs2blJ2_CPOA;118;3
hL2vnXeamy7HQdcWIKicRg;118;3
dK_a3VJuHnsq_5dZRxX-dQ;118;3
a5dPHLbnPceZ6pV8MNJzJw;118;3
qOCClGSIQQ20XZUHODgQyQ;118;3
NvP7aBDy6Dfb64Yg4dxcug;119;3
7n3AUvmf0i_HPu1oKHzIoA;119;3
GNDbBTT7kGJI6ydVFOOODQ;119;3
wcYsWtep2N0YoV2ackbn-A;119;3
kO8yi8Bk0KsBoSFdJzmjKg;119;3
V514XPYk03SkKiM2kjgAVQ;119;3
r6ofNG_fgoXKPGJFClXkOw;119;3
NYAxD_O992MdulaWqKTodQ;119;3
-ytOcR1tC_rxoKt8c1Tgew;119;3
VLMdX1ibQIXPboxfM8uFVw;119;3
z01J8cZVchTaiY9rAH8m0w;121;3
MkZVf4IRzza_NGtyXk3t5g;121;3
tfRcPyHQeZaXYUjbQOm5-g;121;3
cYsSgt-gIZus8JiWbvAz9g;121;3
7PjFzGc8HPlMDqbB6AMRDA;121;3
ILOe1imhd1CWbKTCrYcV9w;121;3
joazAEKac5IGxxgZH7yVlw;121;3
MJf8Gds0GsxTYhDygzA_JQ;121;3
zFiaCU5tSs9bMK4GsmCoZw;121;3
W9obXnaZeCNeMHf32lV38w;121;3
MM44tz-hkknwH3YJPNK3Mw;120;3
tQrGpQAIbwDoeqf_MUt-8g;120;3
DltWAnAW3s-X8m2SbA1zCA;120;3
QejSit5_MGLLpbjs9enLRA;120;3
-oWOMhBZvI7RMR-8-ucl-A;120;3
MFcYbMgtEOf9O2UlKHSvVA;120;3
OzozVCY-bF_hWTbv_PYfKQ;120;3
AQkrXiX6JczKbOBQ1kdUbw;120;3
ZuTvZgFRxiGvDPDZNCaP7A;120;3
206JxheBCbs9gz6jmLtmKQ;120;3
eFwwWq1zykhuSBJkbd7Cfg;123;3
yeamvCqAvyGnvy7ipyeFGw;123;3
Z1K0cGQ8VHHSGEY8I1xfMA;123;3
UqrPPrKmZNJlYvdzP_jKEg;123;3
Ad_Ebem2szVwV7oBzLTheA;123;3
FIa4EwT8mkIAnSzLaaNfnA;123;3
AcSDsgOlciGzUtZ-WGXoGA;123;3
uBamLEqfrLwHBd78WnIufQ;123;3
w9N016HAg5b8Eqh8SgFBoQ;123;3
0d3yeXoQoSOJXWKMRRxntA;123;3
dY67FEHpX7lsO1FN6PkTCw;122;3
0JYy42h1fO8GIdr5qkipLw;122;3
_m5GAUKBCX5y1v-6EXJG6g;122;3
-YM0ajo90j3cwcnJ0R6nsg;122;3
9qD6VIyMymY3R4cq5e1i3w;122;3
Z63APnvRJaU5zcm2Ug25aA;122;3
CaAQmTZDn1LReuCYlTj7-Q;122;3
IxIsnooXJlZteBqfNyOH2A;122;3
yOVA3hQp7fRkRfcq4Mwf1g;122;3
ulBO386HKIlOQ0LI6duGGw;122;3
zOEh_kzLHVc8J3-Sf5fCkA;125;3
UGW7O20o1dBBGNQ4LS9pNQ;125;3
rIK4Rh-Q07IOqrJA9QKRGw;125;3
SOE32iew_TP486xNP6wSrg;125;3
q9V-nmaIcISaDJaMYfMNOQ;125;3
Ja2nR5X8RQ2Z6PjpPndJPw;125;3
1UAu3QPrVOOne9_7XZZ0SQ;125;3
xRFM_qfQVqxMBy11_ITiXw;125;3
fYggQxSk8rhdAuJhTU55Tg;125;3
AaEZpgDFeTQy3vvhMSEbAA;125;3
KOHnKPVje31GFAlRQSL3mA;124;3
DgiSmMG2styM1rp-lK-KCA;124;3
t0ALWduTQe101Y1MyI2RMQ;124;3
M8_PXUaeQF4CwxPZHNxoIA;124;3
V8qBppy5yu1jVIdjwHyKWQ;124;3
ZxgTIYzSXhzeOrpuQphqOw;124;3
VKbQmpCU8u3r2qcymlQVYg;124;3
KnTXdU94vxPt1kJP0a4blg;124;3
QWNb3SwhPJhn4plHaSbbyA;124;3
QC59ief5yyG_97s9AWPUJQ;124;3
SEKkmH05PrWt92dTPmSibg;126;3
pEd7NFa4Vatg2HymxIeyLw;126;3
Z-swg6EP13j4XvPZFB7CFw;126;3
gv7viNZGKJUSUpw7068RoA;126;3
RN7-9-reHJxjaBDI3I5iaQ;126;3
MgMBfIbziLIiNwk1Viu9pg;126;3
TkX9vNjwB3GdLAfL0sYImQ;126;3
blV81Vczqf0LpR8w87jVZg;126;3
bQb3J0fWbFFezurJECc6ZQ;126;3
ei5hpKvpY_OOzPn3RAWcIw;126;3
bKWDzlEb8C6R3DPWtsRZdQ;127;3
6QmS804h7CyGb-rjJRMH9Q;127;3
7UxX4Y94Ks8pcfiGpuCnig;127;3
g1P8XHIbtFvp536laG09Ww;127;3
c1XaCInxqzjQJAw5yYwroQ;127;3
0kcDh11Ows60LevfOETe_Q;127;3
ZLP0k87zeNTRF6p0N2BRXg;127;3
wdMbheYHTOMgy1oRHm_yoA;127;3
3SVFSDQriNslthXeLzYXMw;127;3
Wh8CgVAmdw-XVDk_r8DaHg;127;3
YSR2XdDjM0S-BnVomOWsHw;128;3
XzgiAF6DTn5iP-ZZIM2NEA;128;3
796JpidLHbcGVbV92bQNsw;128;3
R9KkjNTZlBdqxducCz6GxQ;128;3
GNenVvc_IT9njH4dbMNVWQ;128;3
K2Vrg9PyMkU95dyuNOrL0w;128;3
e6RPn_U1Hu3NlT2nviBd3g;128;3
LtdW5a0NNB88M-NgUvtwIw;128;3
rS7ITIpcl-vFgLK0C86nIQ;128;3
CJiiLShKvfiLCuIzyfcftw;128;3
6LTbdzrfrLx_zXINN9UFHg;129;3
POm1mClJEtIb7OVmf70rDQ;129;3
6gZtCaTmAkusWZ00EFMsPA;129;3
ovJmNSN1okVvbploMZwt9g;129;3
TI9IMmL3289fE2bOEtrVbA;129;3
7oCkN8jHRxwWJruUMACgBw;129;3
HkHVvylIwKuxG09-fOVJTQ;129;3
Jv4F4lGOWuGbSO62LkMnPw;129;3
D68hsgk2nCvjBsNV_o6zgw;129;3
I8edSC9d_G8leJ3cMuEZRw;129;3
BLj6sVAaRJVwFBnAd1U6Ww;130;3
_47L5cNGFHW-6nGXSV1WAw;130;3
4Rpq7x4BdYApHfzAokO_kA;130;3
npfu7P-XoxYYj48HWPY94A;130;3
RAntzNerewSo_lJ1GFobvA;130;3
LJ3JYH_Bt8Qf5J0NjZcN2Q;130;3
ozGHtO5QRnpf5kMVExzdnA;130;3
5cMqhfVAEwhtJ-U8jF4D9Q;130;3
Ple-0OyJlEx5IInrb699mw;130;3
A46gNWkbHXoTeJdfZ7b9RA;130;3
Ly-OwSEXzMlpImhB7GEXlQ;131;3
VY1p2_lzS1b_StFI4TLcuA;131;3
MBM_LQM0cQhvPpLrq4wSrA;131;3
XiwxvisA4BCaFaexifb1WQ;131;3
rTOhXFqQKrrNZnwwGh4EZQ;131;3
nHWiY2_vixYXVSg-YyPzLw;131;3
1XS8gufrTjvhdy3hTkpj9w;131;3
JWt6SEdkJDi0bVE0M3uEQQ;131;3
plKOZkYieX8zLHqAyHbHjA;131;3
2XP5w1ANvtJFOPAj0lotUA;131;3
LH1HU-aqRBiuk1e8Qmg9Dg;134;3
RUBMJGsoehC8IxqpOY6xRA;134;3
N5Oc996OfMd86CC_lmvGKg;134;3
jALtPvJ_Kej1DCMEsuQ3Iw;134;3
JI5MVnRN_vLZ_jVDaOcy0Q;134;3
6DfjsAn_aOFWVAKN-YcmVw;134;3
b3APYZo_L4hvG4pJU5LjGg;134;3
lE_-AM8lWivc__FOdn6J8g;134;3
xX46wWTYCZBNBUzckRSrWQ;134;3
wGhhH33zwb8UHARziK6NUA;134;3
Tb29RW6zRx_USwik8n-0nA;133;3
jmsHLASGXldnzqYvdgS_ww;133;3
1yYBjQhPUykIn3KGHHjWEA;133;3
wRI7EJKdffobCGxTn7OLfQ;133;3
AJ5uZW9yJlTXXI09VdNJWQ;133;3
uClTVlupzfUN-B7M0EmzQw;133;3
-CXfI5LWUYEk98veXm1cFQ;133;3
I3GVOOzJi7CmtdAKK6hylQ;133;3
aiCDsBrt02E45CDLgEkYnw;133;3
3W_IYULWt5Ufgtl3A1Usxg;133;3
DmrOpolIqAVT4aa0DnkGWw;132;3
lKFrXjtMX_lzy4e6v5OlGA;132;3
tlQOxrZrAdmPR2XS5EybOQ;132;3
UT1MSYFa31_IWftXQvZsOA;132;3
cDCRftOst7sjSmCJbv-7ZA;132;3
40VpTNX-McB0_Odhij77Mw;132;3
7lUWtvWL-jCaKXAtsnULFQ;132;3
QfCmqrBofJEUbls3-aaEfw;132;3
BNRVyOIULjVrQmONJDc22w;132;3
jqH46lMKw2WkFxicsMJObA;132;3
S3cQiOLlTMq9g33oqaU5vQ;137;3
CTxv0SAHBeOcHNCj32XIbQ;137;3
NrM6685St9zTb-oNSiPwkQ;137;3
rFwyDQCnkz9vGBSUvZCmEg;137;3
_CMCz5Oh565mPcUKL-w1EQ;137;3
3y0uZPeQ1DOxjNeBszDUzg;137;3
LjIqW8pr6Av_auNz1XEsBA;137;3
A2mP3Y7u77Oe_2BEUMD4pw;137;3
ELWvVho1V966gPfIDGw8IA;137;3
eXZKuLAMm529R2BdiLz7TQ;137;3
o0Ihb8WfwfPhLsVkry_4hg;135;3
oAzKt1DlGDOipM-F_6_2Sg;135;3
F7oN61EO8nNlG0B11RgIHQ;135;3
yKHQlESXfLgjYaht1Qxdgw;135;3
uWyPLdNmCo_K8PKqEffKAQ;135;3
QR4rFBu3Fpk4QvQ8M1uKwA;135;3
vqmOfJ34xHB3wtkhISQgeA;135;3
rogIJktdOwJ70fCt8L8t6Q;135;3
2pTwuRfvTpHacJpQlGNbLw;135;3
msdFcbNc-9ow1pbrPpr-5Q;135;3
e5m7CNlfwuI_G2RYkYGSjg;136;3
8zXU9pSPYDEu01tEzEl7lw;136;3
se-5CBTwS8dhUbmB9A4GpQ;136;3
LZKxB4AREBclv7t7P9II_g;136;3
PpXGq9NoaXK5JQrxq-F6fw;136;3
VsOM0BiQgbsZFfHlmtkz1Q;136;3
T8-47Xjw-r8c-5MvJEWRJA;136;3
jJOJF_XQNTeR8p5-GzWnjw;136;3
yKE96f5F3kzSaRA4VxbCBQ;136;3
QbT-Z-4x_3CrHiNdtnAaqQ;136;3
ndFd3svg7PKhwYnKmFFAsg;139;3
iCo96EPToqISmPzFtjyC7A;139;3
gHTLcC4fDFX6M1-9WOchig;139;3
tZfyGItYVSZx2-8MGwGckA;139;3
NZ2UtJtqds6JFVvE2u7N9A;139;3
ZqnOhRQjA-di6IyethTrfg;139;3
9QfiAy-4_xltHfp5bI2WDg;139;3
q4YeEmvOeu03_H-v_k5LXg;139;3
zNSGAd4Pl9mS2T4_wd_bhg;139;3
QNRrzTbj0PIIYPt_Oq3f6w;139;3
-olJvJ9MpUzSuce-fdzbwg;138;3
6OIcOEQkMnT75rVOmjJMbA;138;3
FYaVZxl50lOXLHRF8PmDuw;138;3
gfk398vLYoto4Pclpto1-Q;138;3
vRw05-9zZsqOzMJHYa0QEA;138;3
9fg6fJVhNsb0bVc8OdOH-w;138;3
h6wmScA4XDREFinsa-zLiA;138;3
2UAoDkmi47ZynEWdzh_Nsw;138;3
X1xD__XAWZCREwkk-o9_Jw;138;3
1hDmMGMA14EVw88nti_CHw;138;3
H1jZ-Y1GJ-6GYKn8q0YqBg;142;3
DrgIfN8NV4pQ0YqlnUl1Vw;142;3
A1W7Izz4aSZj9iVMywOsQw;142;3
FajFC6wsLNeEDqHijmJvNw;142;3
28t2Vo7waR8BSU4lgaP4Ng;142;3
XfYOxM8SAvu90Nr21ph5pw;142;3
hEKg1zdNV7dO6zf_OxVhFA;142;3
0grG9_Rz137WRSBEjioyyA;142;3
1ssgA6Qe0pQk9GNgXPD83Q;142;3
15KickVjni2DLbjbtsBAog;142;3
Wyq-kHgEM4ucjhSed8_ssQ;141;3
S_Nmf_EwUAqiX-v9FaJmTg;141;3
Kj0p9pG1umACGLjzO94_4A;141;3
X2Tm28ahgAx4-l4MJ3sI8A;141;3
Qq8eIkcAto_NyJb9F8V8Tg;141;3
frBp4YV1tkgcWOwX3f4zjw;141;3
Ir3hihHWcTPSNFJ4HrTHZw;141;3
Y0nhUnZCeVwhX9wsBgQ0EA;141;3
UX4As6Quuf2vzRXnFhObxA;141;3
WVEImhGHFxMXwBYveQMaTw;141;3
suAIk0Sm7yonw983JRqsNw;140;3
IUcvyb_0dwUDaOLKkC8-SQ;140;3
Nqil4avmFxDNz4WdURylrA;140;3
GDAUMYUuzYFLo2v1UxhTNQ;140;3
z0Y7po9fc3ei8X6p0uezNQ;140;3
_4MYj89DC09X3Wv_x1CoKA;140;3
XToNKwJ8_c8YxQYGjgWxEg;140;3
OODdv60Cf3zYjHdP9j1-Rg;140;3
w3qzHoNlFMIcsQdC3MS-zg;140;3
KK4to7KmFROuieNUVANcBA;140;3
6l_MLVqUfd5hHoTJM1_MBw;143;3
xQNVVTIFe3L9OeRrOBKKCw;143;3
5T-mjhgruZ-EmrzRXbOKHw;143;3
RedYIMxhFv2peylsKglobw;143;3
3AZjS1QWhKLEAGisLXu4vg;143;3
BEVhV1FGDtbVb-4ID2Ct5A;143;3
nSz1Br5Mqp2Fz61iIH81Rg;143;3
CT23pFBMs_hMhBulJUogKQ;143;3
TlNYhWr7caZMRhpmy55xSw;143;3
DfctVkZL7BiJ8SF1ggm80A;143;3
WoNWYggWRdWDSJdQg5kmsw;146;3
abwU-7IPIpN4m1fr0ZEVOA;146;3
zzLlznj-vNLsFXcmMVAQiQ;146;3
FGyYf-HOW8WFqdI4doYdVA;146;3
Q3ylaZ-F98ACxwM0o2X8QA;146;3
TCzn3z9RcBl6RAQ6fd7vmg;146;3
k6JI5nLCWcydulOmnWSfyw;146;3
xLShHR3C2hzuokNq6cP-Zg;146;3
JQrwh3nqbpk8p0FesHVDAQ;146;3
URbUkIhyCZyFlg4Y_7Z2CQ;146;3
N8-YzuY83En0osrluvMGQg;145;3
HEEDVzmYdevAzxzmhdyYUw;145;3
tbfeSOkeT_plpd4TlVYb5g;145;3
iDl4X59F7qVmcIEj-_QEQQ;145;3
GN4RVCyL0Bi8C4yUkFRpWw;145;3
p5jiSHAO9pZ15VVk89GGSA;145;3
joNdFeV5jr4nfRn5UWmdjA;145;3
camLCY2T248DsV3lNyfVHw;145;3
MSCCpKyPnp5bBS-YtMWRCw;145;3
qN2wSdxIr-ckie_YhtRrTg;145;3
ymh2Gou-FtnQpfOAU6OZ4Q;147;3
PY4Qj0YoMg13tAylEcxxwg;147;3
pFdP3u8FGwhxIvLFzZNpfg;147;3
gmTybNSBZwlgTVTPW7cbLA;147;3
NQIW69CXSqZPxnk_KoTFFw;147;3
QwCQ1Ji7Kwx08q2AxwMpkw;147;3
quyF72vkahAPWVc9ZzDaBg;147;3
cSV5PgZECs5oUqhb2DM4qQ;147;3
UNnG3Q3vJ0XKuT691E_rWg;147;3
Emp5uVrR2WDvsFCO2oqTFA;147;3
xojWHGfkftYFpuNZT-NepA;144;3
_4CF60fWZbnfePp7_4y-Gg;144;3
wTZfYNgBl8qi0IIH-cNI3g;144;3
vaxLO2EtFPxs62S_D4-tIg;144;3
Y_x50E4zAGUZAf662rgLTg;144;3
_ov5v2u8eKLMHL8Zo8cdPg;144;3
CnYc2CgQr7MiAdVJl1KUZw;144;3
HwUcxb41pscg8ozY8Sd9Zw;144;3
M80Bo_rsj6lnT76JS58QiQ;144;3
PStjALCYSRHK6Gqj1otAAA;144;3
qI-oNLc9oIbhNk9wsMJhgA;150;3
8EtibWjQt6X9anRLxLmL3w;150;3
Y7pFXmQ9VGCG0yEN2WDZ6g;150;3
qI7UWy4SRiv8hGoprAo41g;150;3
zLGTzjWbV2H-SiEUWPQdbA;150;3
PtSmk27YPoPNKF2lrH-PCQ;150;3
GqTJKWoUHflTvrDlDrdOxQ;150;3
Io4iNSLUHupvJIiU4O6Vrg;150;3
NxZTDj4XqQsFqq1jUv_3dw;150;3
AtMENbsjQdCyTG5xu183Qw;150;3
rNPVnCe9zAowdlYS40AafQ;149;3
8jnQgSDbTn3zIHxb1U_RmA;149;3
Piplm9CKezrkwPk8wMQaYA;149;3
w8ud7CcdpJgG1n1Ult27CQ;149;3
lNmMkhiRpELcpcGbUAjCHw;149;3
tkcriG6lh9TAKAnk0bMOLQ;149;3
p3KAlTUm-c0_7f5i0bZ9fQ;149;3
ZRMMo6n4mGrdchiD6w9Mew;149;3
H5Vnie15NoZmxU6fh_ddEg;149;3
PJpsVNS4Cpny56SlaqtItQ;149;3
ugGs4B1sltJfvXoyfeiVMQ;148;3
mvMMBixf8kohnGZLRLj5mA;148;3
q8bHit32tpIdY5fneujLMg;148;3
3N5dVXg0sv9YQ13ItZCrcw;148;3
b_qmG8dt4RFAWzDP7ZzDjQ;148;3
QmNi2GcDO9ltPPeAPbt7ZQ;148;3
PEDO_PRgg3wczxYRBii24A;148;3
JGeghrRgz6KHvxdIXXmejw;148;3
CsE0q1e2yDnMh2Ix_dSiDQ;148;3
qUvD4xsG6N5-MWHl-UKSGA;148;3
wUxlA-SNgJZyJm0f88KmIA;152;3
pkqBSe-hDmfEFIUwAX9cIQ;152;3
fZJ-xXYdZDCyeEvk6D2DVw;152;3
Zbd-SOVMGcaXsf7yeewRLA;152;3
SsxagP70Dc-Az891fB_Vxg;152;3
rSAt0R0SPxZ3lgI1wIWSNw;152;3
4S_Yfv3WhBDeq_5ElAjouQ;152;3
7oMmjbOJ4zW7T0B7-7eBAA;152;3
ioWdevbYAikfz2Nh421siQ;152;3
5haVR0dDwcq-91jsASLO1Q;152;3
AQO0Tfb6oVO9AzgRcS-tJQ;154;3
T_9-Zb22VHcAoDuVkx_vxg;154;3
IlqJGmoQK3S0aqCvoUfaUg;154;3
O4q_zqMry51dODTcX0-hIw;154;3
w7M5JjrBPoCu0yiXhMJq-g;154;3
fyxxdNYQ5hEuilhiWT023w;154;3
FnnFpI809DGL052DuRsjmA;154;3
UNaq46YQUYy3alg1u8j6XQ;154;3
_lUostee1T0G3ngStX6DCA;154;3
MORHeKKy9HHjtONkOXDVgQ;154;3
J5D3JtZbzA1ZeNn76_seqA;151;3
Dls8iSl1OU9K39SbZRV79Q;151;3
OktadCRouXXDnuuHzBMiGg;151;3
t35JRLVu-jcyhw-8hPX8WQ;151;3
f1J4F3vTZSo0vW3In_ZZ_Q;151;3
gklot0Y3dYn_M6gAjQPEww;151;3
GL-Kk891O8AzwNICg0EYEg;151;3
3Xf3Z_7-CgqzPBB9xhAB0Q;151;3
sWP7EMWu8kjB2tgMYfs_Bg;151;3
vCOCqQb1NN-Gkj8-yMFLOQ;151;3
GQx7B3cTsR9WNZxqkvtEVg;155;3
WuYDqKAyX00hjffdwjdyOQ;155;3
1kCTI37KycZMhV15eAQO8Q;155;3
92PZiBWPNgdpHqCglweItw;155;3
iTCqd5u37kEMI94qoZMyGw;155;3
gH0rBejrwD5ihU-M5vhHuQ;155;3
3Zzme837FWaix18TBjKtig;155;3
_BRzx8EwNG4qJqxKm0tB5g;155;3
MMgjjRD6tTnmhonWzY7VfQ;155;3
WNjaDZ20iyCc5EVz1k45-w;155;3
5i0LiZcIVsfr8-OQaDKoWw;153;3
MY_862bJ2K8DuiehMeu77g;153;3
LVlFWLR_VhVADI0Zar7kIg;153;3
_2K4ljDcVJkk7KvHNLFGYQ;153;3
QEHq6T1O_gfZpm1I4jy9Pw;153;3
QH6TiShBibXbnN1wvyFTyQ;153;3
AeYtj1i6kcorP9hSeqVaFw;153;3
wPDvvpY_jIYcw7eScgKU9g;153;3
mMdqFnyWqWzEX4MEE_3oEg;153;3
AxKmjMB2qLAYqo9XyMGN6g;153;3
q2_6nUbcostY64xNtZOO6w;156;3
PBkFnCzES_fuJqP7SE-cRg;156;3
Ghz77--tjTjxKOXjCjrDxg;156;3
cJouA-dxG4GtADpYT1Uu_A;156;3
mP48V8-2q3ql9Pt2_sm4JQ;156;3
Rad7icmz9IYoRkLv36QE6A;156;3
MTLzjSpq0bNCccSwlu7CHQ;156;3
OzETOLJd2yWM2JJztGauHQ;156;3
pnXQmFMA5G5MipAV-65RrQ;156;3
9nIO9TiU-fy-QIWlJ7vdlQ;156;3
oAU8jIQ25M4VOYJCKmXItA;158;3
_OmHgSJ9IO_Ov90QnT1hgg;158;3
WU0Z2Zv2JE9Tb5HPoydOgA;158;3
Z3d-TcxnifiVlir1LnYzAA;158;3
orJW1iUz6euyP-c3RrdD2w;158;3
aw9t3HPX8XKviQwnZclrgQ;158;3
_RGljAByUMicrpUP5gNb7A;158;3
7Uzu1tzKmB2Jf41Rb325TQ;158;3
6fJMDK9XultkofCau-vi4Q;158;3
ICIlpeXL_8Hvo2dko6DbYA;158;3
5jYuxP4GtXzCbo8AmduUOw;157;3
Qj-5YAgYg7Dz8NEejEedmA;157;3
MyoT4NhiARlh5yB-RtfSFg;157;3
HN1jVRmMyJYgQU-Z9P5iYA;157;3
6irlM0zZB-LnEy2nNURGAw;157;3
BAYYMNZI5WHYykazFtSVKw;157;3
FW75D-eDvTfNyb72XnWVpQ;157;3
bS69EMNXV4a_Yfa-YHniFw;157;3
473Z_Q5H0daWtacYW1yXTw;157;3
VXlhKlWZY-iWNfrR2kH8Ow;157;3
SHM43rIlyjYegdMBkZKn3g;160;3
bOm0EdYwI2jNgnO6QdNkSQ;160;3
CGfd6DvLCO6D_Ba1wDZ6ZA;160;3
1DnfeYxhV2kGRjLQpZ8aMw;160;3
R58sAKJeh0QdMYzrfe93dg;160;3
miXF8ZszABJ3ZpLh5UChpQ;160;3
gI3oYc51j3RuKoiBjspfgQ;160;3
qWR_wNo5bphbCydKr1wMZQ;160;3
fJcwudSqLqxXAX8k4KbehA;160;3
yXJ2GkcF6Oey3LrNf0HS6g;160;3
PBLLC8Akr6a9pL8CF0I7vw;159;3
dtduq4vVSSrvR3cEweFksQ;159;3
RiXKYH_oz8_M-fIEkemwsg;159;3
u1oylXNjHOLqZ8lT8OhTtQ;159;3
ytuA-uzP_LE83_w6VE8DhA;159;3
_uvRtblwL-mnGa6xuguhoQ;159;3
JFiB_wEgdi-C-xLsLke5vw;159;3
f8HooC6FwQmMJv8yvLG06g;159;3
0lVUu_MvQpPlTs5mIwpb0g;159;3
q81T8RNfqTMah-qLsE4Zew;159;3
jwUAuzUIYaX3V1JByuIltQ;161;3
mYZe5nHp6SjNfaWMv24xMg;161;3
NjNCRE5ejlRFo_EvPRdaYg;161;3
NrZ3rfI-vyhvtXq64wdGwQ;161;3
8uDNfKmFn_5BiFCL0XiXTQ;161;3
T93GOXKfgOroG7DwF5pNSQ;161;3
oBtkcDdWX6IuSEGcz8uS2g;161;3
P5-aHreiqWWHgLn9xY0VYw;161;3
8_0XuLAz1sN1HaDMQVtaMQ;161;3
CHKJTB-ao1f1JJs58-tViw;161;3
PDPZ-tiH9ziNnMg7S5BsLw;162;3
vL2qL-H4Qify5OhDE2UFfg;162;3
9khpB6kXDbYTMKy3g8e6EQ;162;3
isrjYCNcdHIxm8nPE58sgA;162;3
dFXBcmj30QEQiZYBE_F00A;162;3
fH3RxGKqLZSVvEjL0BM1KQ;162;3
QC6zXX94dalFE7V0XqbdQQ;162;3
ECeDnbnndKrf2CUqbN71TA;162;3
6GZFgZEUlUGxxczH4-5fVA;162;3
-1fzDGPzavtKIowkcj8_-Q;162;3
0jaqk3ML0qoRKBTgp3cghg;163;3
ah66U_ylRJkjg6fnjt_qEA;163;3
ikc9x-DWICY3QU1uem4Hyg;163;3
7qVoN7LKRD6uMoUFjGNeoA;163;3
bWAwV_QzcF2mjXEMbczvPA;163;3
Isir0-jQ5V06EOi6cUARKw;163;3
asLMrGZj8toZ1Oh2bxzhsA;163;3
f9Kmtimel81AVR_sM7ec4Q;163;3
iv96KoIIlSSUo-p5ORH6TQ;163;3
FEVi5fKEL_OAT1rYFgFIIw;163;3
EoWXbBgaC1BI2C-mMpAODw;164;3
AquczWxspRWSbhlGl3QKTQ;164;3
OmhlYC9n-g8n1p3oqnQo8A;164;3
Cn-pQ4HeThgJMr2eDuB5Ig;164;3
ao_u-JFIn9pEvDzt0hfdJw;164;3
wqPUnao4PsaKRkD2HMLclA;164;3
ANmxfRlLMlynBIu6ixvO8Q;164;3
N_jqlFgns8-9uAq5Sq2MaA;164;3
WPBQPVdwwt1jkVsdBsnJ4Q;164;3
-HHzUP4Th6mEHjwnH7f_Sg;164;3
Ahqi109ipQ9Fp7be5qsQJA;166;3
oJ7PBAe6yyd3xxxqPInYfA;166;3
2qu-tLYFQ7lHhmyGtqTIwA;166;3
bUBYboyA1f3wE_buYSDYyQ;166;3
0hiEbXR4MW5R4X9fxSGUPw;166;3
vrD6ODG-L0ocyOucuTeKLQ;166;3
x47_RessffkOX6934ucBSA;166;3
ElymH4hkLEap9F7HtJCJ8w;166;3
cWvBDwrZlt6Clee9bKBQQQ;166;3
iddvuZ0rFKmulTueAdkykw;166;3
eUM-AysdePo4aqdE_LWPRw;165;3
tQ3jYUbc1UbhnPpZfu8f0A;165;3
h_5BX8hPSFfzD6ixkoqNMA;165;3
A_N-fF9AXz0NKbes3GjXpA;165;3
J2BahAkNRjuR_pTSziA-tA;165;3
-XxtLPEsMSg0ZInJhLboRw;165;3
JPd1sWUQe-Y_lfzbaeEHvA;165;3
U-0gqmpgOdZyu_JJNUcFKw;165;3
gRLzQV97oAMTZu36UErF-A;165;3
tmReF8Keq74bVDG0WbcDiw;165;3
Hk8Oud2QZqPo5cRAHHvqGQ;168;3
bhBbXyqEuaSfcux-Asq4rw;168;3
zq5xzQTIDdeDI7xv3jZHeQ;168;3
3YKDWR5bSG310b2t7aFmzg;168;3
4LViUj3OrCzfMr3r7X0srw;168;3
Be0XR2ZUmX8xv0vVmkz6ag;168;3
y7qUPH_6aRaYyjw8SXLN-A;168;3
EtrMpuNq0IHbb5TyUr5p7A;168;3
0X6q6eMpLp85Xksdb8dxfA;168;3
3XhnNbiGEpHCZp1mOrJqDA;168;3
8I16UAcVdsjtCmWmVIHbNQ;167;3
UpASgT-QLXGqI-Exow7Jhg;167;3
3sX74DsT_CkClQPaN5uPZg;167;3
FT1IuU__DiyKZHIXIGGHGQ;167;3
8WC0ihN_hv3H_dlOQYtg3w;167;3
k8smhwjnKeqxQXxM2Bhv0w;167;3
kvx4FSSg2AdZR2CQB_6AGA;167;3
ji0aOWQWMpJhVoQy32nb9Q;167;3
CJryuBiWsImEc8FH8v_Tpg;167;3
6U5YNNOac832wt72blVBLg;167;3
0A6K8sk7iOX1jpd72JAU5A;170;3
8kerie5N5u_9Vn97MaBUxA;170;3
zf7KJ64elKmvhJNBifiHjw;170;3
kUaDy9nCyZPMg1Qu2zlOYQ;170;3
LAwic0MQf_ebIdUVcWFlwA;170;3
G88K1vRfiyjOPbMQ9xgS3A;170;3
yLyp7LXjBqf1MVYXrDK-KA;170;3
ZzW7sokR_XJQx3bgn-F8_w;170;3
FgNJbkruXWocxHdpZ58jKw;170;3
bGjszrfT4aE-wLChYxifDQ;170;3
RQgQNTe8s3Jsux_1Dr2qqQ;171;3
9Vo6fElanxnLQ_GL4MGPeA;171;3
UijzOrDmwWKVyi6rPpL6ug;171;3
si0JquU_kJ0QyJJ-LTJmbg;171;3
uMjZQCNVAAejWefbngOOEg;171;3
Z6zoJ_lL2YaRDwAxtUySTA;171;3
Ui8IADlACxcg01jbvZfn2g;171;3
PI5mi-xBCNSLDLlCAkhb1A;171;3
-nvrKxxTesW1FnvYZu-Liw;171;3
C2pYoXh-cj1Utzra4nyk6w;171;3
ZcfLRdlT8dz6X6xvQteduw;169;3
b2iiiOeDZ1eZqhmA50iwDw;169;3
AVL9GnVMJbcraWVu_gTIkg;169;3
F44BqzaMBNEm5RpAxFhAvg;169;3
faZotCdeOlRgK9_83WQQ6Q;169;3
N7xLx77hRM7iJd2aVjSayQ;169;3
BfRZKtd3LAXtkh2h1a1Fwg;169;3
nw1hx031w3ZCLe5TDgizZg;169;3
XZXCHObhtQKHbyAXqxqybQ;169;3
5KazSkaeZFYxL_0DvtCScA;169;3
_r5QuLsM87MoGRidudshfQ;174;3
Cybzs-wGprNO0P-m7W0R9Q;174;3
W1VRsby1LDURRn3QKWW17w;174;3
02SOz_nkgn04LMlye-p8wA;174;3
TJV1ZntSFDj4KvZCoy7f4g;174;3
S7z_epRe71eQPZLGF9FXUQ;174;3
e6QfkJGbqqdKRTfGDq4K0Q;174;3
cvvhdQupTbVS5l84i2vUGQ;174;3
GrSfYnOnPoB9ksTqLX-qZA;174;3
gOkX26lTlFLi41wQ-1nTXw;174;3
ha8-v159BmGFPt4r7lLiDQ;173;3
tDacur2G8wrQZXoK2cM6ag;173;3
otjDi-Y06lvKNwGvuBAy2Q;173;3
tZ82K3sSkqt5r9dZopz0kA;173;3
Xg3EjrrJHF5VtcNKmjBFOA;173;3
3GvdLJDDkUcY_3ncWfoYPw;173;3
_AhBeaNGnyaQahpvr-2Z5w;173;3
zMEW-3sVrx7nalqSmvuZnA;173;3
E8tsIMfWV5WOSoUiSFcugg;173;3
idOByW3Awn32KfBAO3P5rQ;173;3
nS3fzsQTFNJq_sGDinEJFA;172;3
BSx-fw8Qt2nlfwpqESTw-A;172;3
dvaz6a9xn5_pkTQjZ2FOwA;172;3
wyfmBA3vVbAkqUB8e1BC1g;172;3
DbKLl7Vn-ZWhJ6ervdfGVA;172;3
5SgOZDUKhJfbn6HHhAHYQg;172;3
ePoeDv9sT2GShfrmzqQpuA;172;3
h8nxajJO4gcq81kqlnRa9w;172;3
YZsXlqfTcElUzBJr9lVHMg;172;3
SwS0hNnpeWOx6gSsFyf7tQ;172;3
v6dzObZ3U5cqsbzS6vv7pA;176;3
gMjyPguugfD-LSq5esW3-Q;176;3
jC_lnaui3pudUvLjq3lIoQ;176;3
nvt9iQHziD0xhWgXz3iNgA;176;3
OJObtAYqx3gxcVh_IeHB7w;176;3
uD7P5BfwLN39gU5bB9phyw;176;3
Jb3A6DiGQatcNMJG0GI2KA;176;3
49vJmmd2WIo6bYQqlbS9rw;176;3
tEnqC0TYiw6CAPt6n5SRFA;176;3
jy0Blk1EV88RegePXsPUmg;176;3
-uSAvKIAM0mWbkiqIJ2LHg;179;3
0wnvcqhvSNZEty_gDWg6Bg;179;3
X4LLSARkQDPNbP7DvaCZtw;179;3
VvyiPMR6X8zZUUPpmqWZgw;179;3
MnJRXluMsCL28vMwWTK15A;179;3
8BkVw9nQ-eOajEOq4ZM7MA;179;3
W2E_eTiTJETcMyX6DbU0IQ;179;3
SFJvb7ZcfiiNvl3y70uyow;179;3
Zq1q0mDq4CMk4PFuCCrgJg;179;3
ie7IhXXlMJai-Qip7Wmypg;179;3
yAR1273ZeOTlFhde0cANjQ;177;3
zdLvbuNfQ_Ax2pb4LPxADA;177;3
Pq6Ni5-s0iPRKDw2SigOjw;177;3
JgbAa6GfB7RrvurMA4qBTA;177;3
oPcf5abJwxz9uTQNx2hQLQ;177;3
ZAqDPEBj8mqJlUWFaTsfMg;177;3
SX8o3EHbsKfXqQ9SwjAOqQ;177;3
iUzNwXq_-NFxJ3QHjxFOAQ;177;3
Z4R7firZfupDtuCzBRuaog;177;3
pO3UBhb6Ocs07Hfn3XM61g;177;3
M5jsk1AGU1oiEB9sRoh1Iw;178;3
qfIDptARfuhaII2etiSLXA;178;3
UcY4xP9Q3tdXOuYFZJXGaQ;178;3
n-5nXqB5jnV4R28jUxo7BA;178;3
LNTpBupMH4Rr7GJrBMX_6g;178;3
YGc_ScdHCbaHWJjpJCYruw;178;3
tsj7NeH_zvearoN709GeMw;178;3
_ViTjuGiqs8_E2CTDBYqPw;178;3
c54ACofJCKDTK3B_N0HxuQ;178;3
1_Wno9zOrIe2JimLZo9mVg;178;3
izj_HaU9iKBR9fOIHtHICw;175;3
GV_wLeaVHfT9JwDJBx8jng;175;3
V72QU_Uret7ZcaTZyPAd2g;175;3
NPf7NV4zkHJb_PCBny1f3Q;175;3
Bkk4ORumvUYCqfQlj6KvpQ;175;3
CcdSyIWK0tMx43YUjK2Nag;175;3
xfbmRNX2DhxmMXkD2kNvKA;175;3
kxOqa_1tdt83Xlp9F2v__A;175;3
FQmWX_lCMnex4mMlNtCiJg;175;3
Wqg5Efkri0AbS59wVvpeBg;175;3
LWnQ486IyungmGVB2C9ePw;181;3
K8umQqd2-k_9_LX__l61KA;181;3
hU9qGLUXV9E6qyb9ko36kg;181;3
Y4NvN54ftD-wdRltWh1N7A;181;3
zZ3HOQTNOpLDd746zxqBcg;181;3
FiYPH9DMl7Zq3cwvDy8Lbg;181;3
jXn5YcwvzMNQ9CQQ-Cat0g;181;3
v0E97LvGvPZbAiNjyNS4DQ;181;3
TFbWIGhUoql9L14Mo-fajA;181;3
nlJXqniRyp7eYQBAF9Hr2Q;181;3
WumHRB6wP56OV09pllos8A;182;3
qrebuOfWwg_TjAP4jgjQfQ;182;3
5EGxzQ3Iw7Hw06MGb7-syA;182;3
t9fJIyINcsihuMneS4Woew;182;3
0wF6NRmTuKDJos5Y1OdPfg;182;3
2fWkGiXUiTMBSx2flXrocg;182;3
a04bzcxjKbyvrJXESQCusA;182;3
qahyhIrlME3YatFNcSciKA;182;3
DWwnDmRRH2vz_dM_E-dEtA;182;3
Ea497rUt5tu0xvPSYL8jyg;182;3
JBiWot-vaybjsCo0YhN4NQ;180;3
loGVyy5DMLTBuDxKJnOeOA;180;3
rp5iJN3eDVnjTC6Z3g9u1Q;180;3
GXgi4vj91u2_xDCOruu24w;180;3
vfqcPb4BJ4AcAMy1rytACA;180;3
v63RpFkX1geG07HdnUBhZw;180;3
lg1qdMHdMuGSsDVlYBPbKg;180;3
ECjHxsNPRMmbx1XrI3Wl-A;180;3
LNiwq6h9rTJPgSS3shvzLA;180;3
XE6ef4pfsK0OzgRG9C5rhQ;180;3
RBpDlQx7w_SLBYcL39Oy7A;184;3
314-yq2h1uvtjvrNOtXi0w;184;3
Jw-3aJ3CNfBUZvAuuu7Z1g;184;3
zT1jnWUUo0dpr61zCQl_GQ;184;3
7lqLsreC83t2pHHTE1d8qA;184;3
yVI37YKLb8Gg5P_JC-3a6A;184;3
t4R9LF6gFNV7lQdCLVHeGQ;184;3
2-dW-KBBKmE3T0ujOmLATg;184;3
EkMcc7Y5dPqDpWn-5OCGTQ;184;3
X0RWgIHLAw0ZlZQrKUtvAg;184;3
O0C0AT3eyCNUpmqgz2yMpg;187;3
fYoPVeuctCamgGUlpeOZ1g;187;3
-x-CdeMJwdaCfmVzhVqZdw;187;3
Z5tU88qZbW7vW0Uu_as_pA;187;3
Ak-2CNLoX4yYtBwBP63vBw;187;3
IFspCfRpgw5T3sVpeTKfXw;187;3
ABx7G4jpHm67IH07ndQTqQ;187;3
vIk8OV_7OIypiluYSofbRg;187;3
LV_aHti1r04WMqLlXw2rdQ;187;3
vtyVz27uWz6NCGJDXgKfyQ;187;3
VF6mcKMIkS6FwWPCZNnrhw;186;3
khj-EZAkAiaOu32Sr8uPeg;186;3
FtfR4VqJpb6f62v4YtwRYw;186;3
PKEPEBejg78FmZ3KsBZBCg;186;3
FyXeZ8Tia9tw7i9N_8diBw;186;3
wgFbQfQ9PCs4XjsBmY2Tig;186;3
wmUTaxldunzpEXerKA2Yhg;186;3
PiJVkVbAOFU4CM5ISOj1-Q;186;3
ZbTB3O5x9CzUgMdJXn8kSA;186;3
uzgE644BqNr91Ol4Lr8g3A;186;3
QOmZmIDc3_xSr-sRGtvsHA;185;3
qSxRmhnWHnCNXbasacZcNA;185;3
e3A0EViZ8co67keGUjPdvw;185;3
7VsaouswemTeF7jTnNHuZQ;185;3
edRSMYIuj_M9KFpRnLQtzQ;185;3
fuSFYx3XbLxodiuLK1Pt8A;185;3
pMZpA6z0u9uMXIPitC5xxA;185;3
RTjCj4nF8G2ABEYo-F4MzA;185;3
2C_joZm3tK_pa5fBKxKEEA;185;3
FvlmX_2nW4P-eRv8wibsZw;185;3
RfJebBiOMlKVjR4Iy1TBFw;183;3
tvZ53QCwwHkxnnWRdryh-A;183;3
Msh69R5oxvyTima_Ay1_jw;183;3
p3zth8o6J3jo-Lb_hpLTGQ;183;3
qXGwy3KIqjdTkdaOpV9h4w;183;3
nBXWDzktmXdoVkzm-1T86g;183;3
quT0PoAOvxs7xnCIWligjQ;183;3
ft1TyYMpCZhwhKukbvZHsw;183;3
QmhC8CYVKekQXCNXZPgPFQ;183;3
6lCjydag1RCWJikHQRfzAQ;183;3
y1Vce1Pc7NPL-oYz84Ho6A;188;3
YB8ViBZNGDq-ERQs8VrS-A;188;3
POO-4WCITWA-j9qGqAlyFg;188;3
ugBZoseKcgA7vbIbbM4oQw;188;3
sZJ9ChbR_kIIWwIxm8b3rg;188;3
RxnitpGPRNxUpenHe3gjww;188;3
NaszyHSS4UMNjKPZqgmiUg;188;3
sK3lizdNbwB739uO8NeDxw;188;3
YLuEDEFV2j5O34ZKFcoqDw;188;3
cc1Dqaw8-PkN5FTXT4ldCg;188;3
D29aqOf2zN3Ef0Zm30Y4rg;189;3
iCWisj33NjkpHlMKJ_K88g;189;3
TzLzT4qk0RUPi7wi2NU8mA;189;3
HK1Gkroc2DV6Qkxo6Ak9MA;189;3
DHpA6faQtgTMgTqGha_azg;189;3
kBt8QiFCofOGxPsMXGPWtw;189;3
_inQfnwVg9ugaf8r2qLJ-Q;189;3
3dtvHi9j8RYT_Lgf28QHqA;189;3
LAJfxavMKV9XPq3_7dEoJA;189;3
rjIPS7Nf1H28hRoaCMNnSA;189;3
dEhqbLBrjwHGTOGl69RIQw;190;3
KM7FitQM-U-i_gc6-FncVQ;190;3
FY4k7uDtxNyMqTi-jvb0kg;190;3
EAjfblhvA_9U9rNcxZ5leQ;190;3
BQnqHi4In2AeELZMbQQxsw;190;3
gdqt6Of7pYywOqLtPKgrdg;190;3
CkAh4BOFzCb7lGCOVqZpDw;190;3
CeUcMK1ufARbur7C8xN_Kw;190;3
_OgIJ95hJiaQ9TEUDZUewA;190;3
sSUXsiyMumfHNCm9cXSgMQ;190;3
ehLBlhj1jmEs0w5zacRCoQ;192;3
uqmlIJYN6VAEUbUkbx9-Hg;192;3
r0Bx70l4B1Qw__lgaBAwNQ;192;3
Z3xgbla84q28t0MVn5Yu7g;192;3
LyNc0B6768T5hkky84NXjQ;192;3
l3VbkuYMfp_WKHBZYZkpEg;192;3
BxzO6HY_4enSc32a0clOzA;192;3
jmpXrNhPXL8hRyaMGGHaUw;192;3
-mOgv_zL3cnM9gNZDlA4vA;192;3
_tEGUjVmpBrAug6Lu0xgaw;192;3
0u7c3shwYyBoWFkU3af2Rw;191;3
HlPcLApZ1ALu1bVncH3BYw;191;3
047_ptBWLtd0BQQ5BAYCFA;191;3
ovD9B9OjgUMG2oIJlb36nw;191;3
INUXZPXTNl_w3Esf5UWdhw;191;3
DIzCAZX95aAXO5YsvI62Ag;191;3
QOIltNaiGXfRL0g1C8tfLw;191;3
x_f2WRyJM8efFUaqHieW0g;191;3
fUuVJFvDViR4egSNNC_i1Q;191;3
pfzbiWGRhc5jLrsCaWMu2w;191;3
BF7UX6bJkN6nZyRXFVrhsg;195;3
yhL-nKRmpkwGA5yASTE8sA;195;3
_apReYg_2EZae58ojsAEow;195;3
ldOHtDQZMHhWlJ8P_ZJ3yg;195;3
rKmeGNxnPK80OYJLEonulA;195;3
hhw_DczbP4eeuHkn4RsOfA;195;3
_ufJr8nrzeUou56tSZbkTQ;195;3
S_PRhZG445z-0-FMG87xzA;195;3
6E5zMBLFLw8vTIeuri7_ww;195;3
YgEsAcL-KM_j7fV8u8vnbQ;195;3
BgemuQRPpkJD72IdrCb3rg;193;3
z2D7HybMulod3Brn-ZgHig;193;3
Run_ej6dW2xCgjFOPHX8Aw;193;3
cPr8J-Qh6lnLjliIhVnROg;193;3
rax9SmbbQhL5dAEKzaotzw;193;3
cl7_zwqbAxhKzeYrIC_hAQ;193;3
ogY_26W1RGQZv1bFhmc7FQ;193;3
Syc3n2jhUM4jgukg_cXNrw;193;3
wBE_r2LaP5Fz31trSGsXOw;193;3
oHkibq6eiZAZbk7GN7ecDw;193;3
CMVuq4Z2OsRSmskhgDhM9Q;194;3
e32EmLB_QDlvcRQmfdDOgQ;194;3
ABpxC0b5h_Bvp2g9aOhPWA;194;3
Agw9OGxouA8S6Llcw6g6Aw;194;3
7b1BfD23xJogxqQhRx4ccw;194;3
Yq7V5pmab32n3ijm8R0OTw;194;3
gcRp3AGTNk8mlSHB4EriZg;194;3
_Kpsx6AR6PVwzMfjGAqYNQ;194;3
PqJVvxM79niPl9XBMRckpA;194;3
bjZfaBFyyXyeVM61BfS60g;194;3
W0x0y3svY4sskbQ4tdaagw;198;3
5EM43dMaERPqPhW5Ez7juA;198;3
RytXQyjiom0QpgV5udGrUA;198;3
q0-b9hxs2IEHPDpMpN8ehA;198;3
1O1CkOkiiG8RdCqqdMxbPw;198;3
kIKkV182aJtF8E_-6m2mYQ;198;3
_obsRQx_pbbP3QAElQdlWw;198;3
nIhkLGZHnPafxZDaND7A_g;198;3
6m4uSuPOX1gA_nr3IARqUw;198;3
7npJHwEs8726aQ58OrlE6A;198;3
EJghEfUkY0GrGqEMVZhtfQ;196;3
EsUi5wT1cqF4P8V9_0NgVQ;196;3
t5cK50VTSWHYJez2FfOk6A;196;3
yrQam1KBjozXUWK0VW3Zsw;196;3
-naLFH9hy1tvvC-WDnGvKA;196;3
a5zigfeU1FPZvZhYbGb06A;196;3
fTwyfYrNG03cr3WNYyutDg;196;3
BNcC92z1KmV-0p4AK-fnGA;196;3
nRWQICV6Ew4rpKhaJq0Rog;196;3
YjfUDftuWjUxoZKBQAvCWA;196;3
qoZuZJXU74hbzfD2Sp7ZCQ;197;3
HIdDC8k0ftEf7eT8nbo5Ng;197;3
hD6Q86fo7HWM-a9rlCuerw;197;3
wpi7BU3jD6VlD2R7aP-yUw;197;3
El_p3Hx3N2y4yKlHObBs1w;197;3
Osjm6JZfzAKKnLulz82_5w;197;3
QPgtp55_QjbTrpQX3erykw;197;3
VsF4oJxEcaDQzRK41Ej9rQ;197;3
dggWZZuSRG03YVkPW2WbwA;197;3
VOs67GsVkiPsPN8VJvNCew;197;3
L7eArpjj9P855rXjIsdp7g;199;3
xSHQq-bFhdTVsKMskpvXXg;199;3
Xl0aifr7K0xZB96AvNvnMg;199;3
3JOl-m9eFQx_MZUYgYZ6IA;199;3
bLIKgKsWjYMRsZ05J39QmQ;199;3
DfJTNJBNC0GOmcxQ_UGZQg;199;3
_K9V_FyX4OzDMDpJqaDtqw;199;3
FBWf3aqUEVM4NMoBoap2Ww;199;3
eoLDRQfIHAFWPr5uKt58ng;199;3
fvqj7jDSC0sxVtLls-vtlg;199;3
ejoiW6UaGPiZ33_sJaDzOQ;200;3
ixSQudUWmcMxCocZdyVxgQ;200;3
s0JrLOBXIS4FjSS3i6MxgQ;200;3
Kr9H_IUU0CP5ew32Hq9nQA;200;3
UZKVGyq_3mSkQuick-oe0Q;200;3
V4BsOiG1uGZ2odGmU28Qtw;200;3
zk-mt4FUcQm6l2jt8CR3Rg;200;3
-53AQPE7eCWqwmx8XiDsTQ;200;3
rsHh-FBh7nbyxxZDZmKx6Q;200;3
N0KN8lguP1BbJn27myHXEg;200;3
ZK6eVbXNMLH7ZZctIUHRWQ;202;3
s87FQgammjbBcDTG0AHrkw;202;3
F5UOJ62wWH2xmPYBmXPvFA;202;3
pE9cvHlnMPzyCzWdltU96w;202;3
XwnDSW_SAZMd-RnZStB3kA;202;3
4FD3Tvm3YrC_X9EqmhDVHQ;202;3
Zu9UlJQqwbjepoTK5CZvTg;202;3
fOSfQLU9m3_AfnU6Xzlw2Q;202;3
XbFj9JFdWKk8V2Tj5Hhk_g;202;3
_q9mQC77AF977c4YpHNDXA;202;3
sJcqouaWu24gcpmoS8350w;201;3
_PiFh0UcVjaZh8xsbO85Eg;201;3
fUox7BHUOOvNJQid6o51_Q;201;3
Hrg62VFTDopaeGd7j1-L2Q;201;3
uWwLUj6gBQnnVLsQHPnxEQ;201;3
hDJ0D5viSGrBgs39WjTmpw;201;3
aNXR_TEQKC6zYnwpcGP30Q;201;3
Mv45scgadVOazlm5kryblA;201;3
n12xIrYgvUK9hw1bd9eKCQ;201;3
yKag9AWXoAhTvst13eQzHQ;201;3
qKC373Aos51ffBygDZ0eeA;203;3
a9acK-8YI0byM3z7xodWKA;203;3
WD_BGB9CKTyyOH-rUEzfWA;203;3
99HQ1_tNLr6nRV318jJzvg;203;3
yt0Gy7vJK2yz7OlzALUGhg;203;3
rVFO_yM7sg_fd0Pnr6F5EA;203;3
Mzcd96EqdMo12VmhpRFt9g;203;3
-qr4xh6_P3qy9ftwWE9y3A;203;3
lnfrTS3OCgcDMf3sK29QkA;203;3
u1_KTiiuAjyyuqAxt9LMJw;203;3
BSDcC0leEy3S_8QIKKvyeQ;204;3
EzT1T0th5xQ7DYhdJ9ViZA;204;3
aH3oYhDQ_6WmTOpx5oaOhw;204;3
TorZJFs2xYWaX9eieIyciw;204;3
wAkpZkQ5F5h4JmLLmKhFnw;204;3
oJT8r90hJ6gOP5GssP1tmw;204;3
Sl14Rn5sP28JznKSjWT3nw;204;3
RYbVPuvACzr4kV1i1w1TzQ;204;3
8bV_tLs6rW8NEZ2DK9HY7g;204;3
cJHE-h5ObzkY-o4m5MAinA;204;3
nT9GqVbD0OicdRL1TiPj-w;206;3
6atZyibaArH1_cdTHuFlag;206;3
QW3Bx7riGerQHNhEgxRyuw;206;3
sROz5Wk1Q7tvm8S3DuWkKg;206;3
p1zaxDs62IBxzgUWd9o6Dg;206;3
uRs9jgeBucHKwX0buT2FSw;206;3
rGMA-Jz7VUNcWvJTtroltQ;206;3
Wq_kkCmqhsizO_H8-9Wjgw;206;3
gj9I8sg2WnYVsQeIeoiG3A;206;3
J6rXEDqMzNCJIjRUGfQdXA;206;3
RP69BPjrBMegwRFjOWWf4g;205;3
jb-aZTd6CuNyx06_VXlbkQ;205;3
fjAA654mrMl9MJlg2aUwww;205;3
5HAyrfXtDYAnQzTwNYpNlQ;205;3
3a7GCv1OOEvrN2nF4tzNwA;205;3
RNcaub6cMUebG-oCwZoRZA;205;3
vspsWwpiYeTRRxeAOnseBQ;205;3
FaZ_A7G03jBmim6_WHA5_w;205;3
uZQc_J9fnGt5l6uCLEBlzA;205;3
kWONXxCxdGxZhqX_tMs0eg;205;3
eDKmLrRuZa0Y1upVSWjAkg;207;3
oJhEDjnDcLR3IbMN3ZckkA;207;3
UHN7_yhdnYqXn9Hx0xt54Q;207;3
Xfaw9nBRMmUTBrya7E7AdA;207;3
UnWFBuQLnofwUeJwA1RKSQ;207;3
5Zhx4tNXCre-l97VonEL2A;207;3
nJAjZ1Kib3iAZvdxql4Aew;207;3
vXOuiK9Mom_TXLxxGHff_g;207;3
2nEytHKWSaJAigKNKUYoug;207;3
qlUYB8Dp4r3_jv7GupZNbw;207;3
-KepR7G0iN1mgF1US71mHw;208;3
By_QOI2AyrijTix2kTivLA;208;3
StduaoqZcWinJyQzyviK_g;208;3
k5wF8upuOe19eiNjNubzBg;208;3
LSiyt4rjVZhmGDcHo6cBNw;208;3
f1gvX_h0M2PbvC5kCtQoXQ;208;3
O6XcKlZHovoqkKflvlDQUA;208;3
8i4opyInm0ZhUbzSD-mJvg;208;3
yx_KP68H-u8SpOBDxriCuA;208;3
GYuHuG2L83rIPlYuGd9cRQ;208;3
zSWp4EoFeRpU34RwoCs15Q;209;3
rtPLhqCdSahm0ZmSLN-o-w;209;3
druoKswMqcWglrLX7QvAbw;209;3
fv4GflOl0G1bVKLm11ufGA;209;3
BYhRGyPUPzXr_VoaXEOcGg;209;3
ZVrBQWE_B_dRodBQsyfo9w;209;3
WhQ7Vm0-YEJhC_1xhCQQUQ;209;3
FwhorREj5tzawp8E_QOizg;209;3
-th4ExasFR9grawj0d6n_g;209;3
miTVQ3wFW_ZRs0CyRbkNYg;209;3
uwjWZNtp1Cfl5p9DR_WrNg;211;3
IkMh3Wxxa8rZtvPBgJqA6g;211;3
JcB0TG4QI407MZgz3_W-gA;211;3
e7-1OABBnmtME-As_FXUig;211;3
gsFb4JPx_iHP85tNly1UQA;211;3
3h8zN8eVb2Pcc6GHH4Ik7w;211;3
YOVsgo0DTq8LlTr2G1a2qQ;211;3
e6oIn3KIs9KOsTMdsEbH-A;211;3
zvNnFJYIyx1WHK_6j2kXsQ;211;3
lk8TAmzF9rwPTmKgr0lS1w;211;3
pI5pDBQPvDGm_LiRIyRdSA;210;3
_n467tdhLJH2RXRoA5C_og;210;3
3K6aAIKJgZpA-jLeziO_jw;210;3
LBbI4uEOAkgGcEL8ZFQ89A;210;3
BYSBXqlK_uMlQywtr_XLUQ;210;3
8Z6fIOfMQKpJOkuUEpXiJg;210;3
jljGF6C67eNnIXkW9509PQ;210;3
AZT4yZ-fjDDo1xpaMzhC-A;210;3
LpLme-UHBb4XWoTl1eoSwA;210;3
I2RwirOKj6OL2HvPvWB8Kg;210;3
6KrAcdsaB3lEkEf5DyZPMw;212;3
ioTLJBoB_3eBlbwiqi7WmA;212;3
VRkceRNTWtHmp2Wf9QTcdQ;212;3
FEec_RP9Gq1FZquYGj0k4w;212;3
TJr5r9iKoM1A9vsJMZl-rQ;212;3
01vnVYIYzmD_8OJbybkRpQ;212;3
g_b0UfqzpHBQ7qogwN_jvQ;212;3
g8gB0KfjkNM4SSAjh2jNAw;212;3
9w9foAhKlKOybUnzweC2eA;212;3
BWCU3_qk2BzIoP_lfmDyQQ;212;3
QhniM0p4iQJB8C2duZQgMw;213;3
FqZXhXNueu3l5wnmwpLpSA;213;3
L75Dj1JuEBuQFyu7ZXDUtw;213;3
1OIuAUSJE2-KfAjjvhxbBg;213;3
glMiNpSaGRn2mfr4-2_w9A;213;3
5HeaaVUHwYeRqo8CPHcslQ;213;3
ahUJ_0mG5fLKoANxonmAnA;213;3
dD7xSEjwv2Xa0N9G89LJuw;213;3
4sP5zwqdkL9pidMVfEfavw;213;3
UZI2f49CnHr1mSA_MpzHpw;213;3
6dxRcqyj3zVBB2hbDUuStw;214;3
o8Ivz9XAohlP-P5AWu4oLA;214;3
-fefpIfpm7ki2YDMSrBbig;214;3
VuLrhRWPRw0s9g4FHIKWrg;214;3
zao_CAVP_9FICXagEhgpCw;214;3
c-pQQnSy9w9e2VRt4qSZnw;214;3
kRt7_Kqr3p2woOgoyJZWqQ;214;3
cXqSzD4OIXaMKypzzTfIhQ;214;3
zlybQ32TUFpldnCpd8qn_Q;214;3
DC1iMg_5HBm_jtE7a3NA9w;214;3
tqCMTIy7seKzCjCYyBtxaQ;216;3
B6KbooaHJkbg5CDgbDG_zA;216;3
ju0MRK6dIAvwp-RisvBudw;216;3
TGn6ljEcAQRJ4WKffA6FAA;216;3
lOvB7MFoBLUYpAUMdEbl-A;216;3
j3e43hI1Jx9q_EDU3VNFdw;216;3
fvgrdd12lOlI8yjYgvIu1g;216;3
TEUjvPEHOR1ecPb_7qO84g;216;3
6ZcTIOF9LWHDYQE9yWm3sQ;216;3
4i3_6iAh0nwbDNAvnJ5gWg;216;3
WcQOxwIRXGg9IZa9Z6jd3w;217;3
va2MkMZqptWJvufyOPr68w;217;3
cZPi7byspEVz3MaDWujpag;217;3
93trTHUckDr5dE_rCYX3OA;217;3
4vi2q1xWZhoLD6gnWvE3Kw;217;3
2FShDmom1v8QUhpqCVeJ6g;217;3
eousG2_rbRjSthO0po1Bww;217;3
vIY-4kiHd2qTASAkXLecCA;217;3
3wz6c0o0d9SncFPiAes62Q;217;3
hjiD1Ovs3_Z-k-0wkFJzdQ;217;3
coMRUgQyyrMOBW3T6uHjGQ;219;3
KNRjEyekPIfDBjITho_bCg;219;3
V5iBNHMJXOfo0jS-9zOsZg;219;3
3t6wHxDLH3RRhr_uYu8tyQ;219;3
YuzgK5w7BmwhgAsh9aQvbg;219;3
KrCo7z2zDLbuRjfANvT1qw;219;3
dG6mUf9BE1PTiUj5LZrAcA;219;3
Y3y3SE63aBIhPVNoVB7DeA;219;3
OxoQLJ26XpZwCueb_3S29w;219;3
8Uq4UL-vObRFrDlvkuf7TA;219;3
BINwEfOrZvamCIOT8DTGaA;215;3
EOsP7oIPbCrxhPNUdknHeA;215;3
_J-Kaj8nGXY2QlES6_ej9w;215;3
Ba1KaiZI4i9iUeygM2dXdQ;215;3
AsMp_QWSHAO6y-1ak3kXng;215;3
whoP80faK5-Wm-OsPZKWhQ;215;3
UooMeBv8kcQ4aODGeCZo7A;215;3
QbfxlgeA3GEMF_Rwa--bmg;215;3
crstVKBYex_xhNSGyOIWng;215;3
OGC3AgYaZ2x8EVHrvQb2Fw;215;3
PCPxCnn3bHiqxlQdnU4jBg;218;3
ZBe8APN8pEsMiEeHnbasbA;218;3
X83l8ocREmz5NGkygpGy1Q;218;3
iKwbxx2ggRxRXAMyq0WYkA;218;3
GQ00UeadJpsqhdiWy_Wtug;218;3
1tNkSBPpDuRyfqS5sAgruQ;218;3
M_NZd58oIEZMFHiysbHg4Q;218;3
C1G4Oh1Z-Et_ob8oyEZUDA;218;3
jUrD6jTeH8zkd_8l8hV0lQ;218;3
bWgp-viz9KLPl_dyFbh2PQ;218;3
eGx8kGh_Ff3KKNyeix6SUg;220;3
u06R5u0l33pjNmcjOim1Kw;220;3
lqksgkpnH4zUzilZ3gl6lA;220;3
iLGQcyKvxYDhuihBuo5iiA;220;3
Tx_W9GC80Xwi-u4PdWYIPA;220;3
W88zSs2zBrdYPapzSiZ5Ag;220;3
st5ELkXRScsVM6bebGlBAA;220;3
oWBqVGhTtp8JsDyyUD74AQ;220;3
pO0RrvZJiwmWF9vZykTWfA;220;3
-Vlr9puINoiPzIbt2jBHVA;220;3
mLMN_Ke34LUKkrT3mMTgwQ;221;3
ZnCFHEUos_o8nZY1fPnQWg;221;3
dis63TwAfAdVS7H4ryn0Rw;221;3
tq4qzINDwMwP5u0hAVGvTA;221;3
gDo2koBjgGf7nF4HDxxLZw;221;3
3JzDdYOig7bv0AaxjxHCnw;221;3
Q-8rOjtQNLG1of1otptj3Q;221;3
324wNBtZ98Ka6ARUyZbanQ;221;3
EG8pPC8n6kNWgJyNTdLlmg;221;3
P8hQlpkwpuCbNhytEJ6VUQ;221;3
TpqMWLhz4M4dQM1EKwRJrQ;222;3
RiwZD58phlFD-UugggKg5A;222;3
hOM_U0HMHnBLE4PDxH-rZA;222;3
TEfu9QCajzt4IkonBX6hVA;222;3
1cZCUIwWcwVS3-rGLQlY3A;222;3
yx57iamdYmOc9S41HgjErw;222;3
U2xYolpxR8a8X-34-wbuzQ;222;3
DGxbnfEqCGzN3Ysf0_uicw;222;3
fHoOn-p5E76Ig2TG4VL_7w;222;3
H85T24v25iG1ounYQeJHOg;222;3
Twxkv_krs97isCAQle17bA;223;3
KNcjpCrsKFqJ4buOqvzSbw;223;3
mfjXWnmKI8K2qhF0fKkweQ;223;3
jealUgmATnyJyq1gC-Mh3g;223;3
njNbBDr3r2TvgGxUXHdROw;223;3
p3KnTMJMkMArAoStEgQ72Q;223;3
hjCX1Ppsg0knpZiUTyzanQ;223;3
fpT_IaWezjC8tz75nFCxLg;223;3
BedZLt3AQHOX6WH4shv6xQ;223;3
UKsg0ul20Lt7RmNODnW3HQ;223;3
k_5LYAyAyB9yJ_t5a4QJaw;225;3
bpY4ConIFD278eMaEjWhMA;225;3
G8ePEVJd1c0neCGbH6l4Cg;225;3
cic2WV_ZM0vwuu9gjjYMkA;225;3
NpwtU0l2iKvAJx69xEU_6A;225;3
LIknbYIdZrMi6DZr6LqS-w;225;3
_vZVYTlp1exTGtmUvVcG2w;225;3
sRZgiQCGmEyGtA_IiGQM2Q;225;3
YMuO0PvwwTA2xJAsyovL9Q;225;3
4CoPsoO6SIy8sfrPBtm_qA;225;3
Uz9paWLYcxHqgCIoNl9hrw;227;3
YqrudzgeRI6HhBDWOn1u8w;227;3
CdKhFUNR6x8gjI3wE7KkdQ;227;3
1FFUFtFEOU4yySf_cffH7w;227;3
TtOWgd61wQFTmEAKJKRq5g;227;3
_KZgkntHNGhVURa_iEVGbg;227;3
ErxURJsCia1o8dZRs2c15Q;227;3
oTOTaGrdU190slSiX0X_bw;227;3
H9IZP1hFKekjRMeCUfo9KQ;227;3
Orgn9HKj8HWFoWiBWo1zpQ;227;3
mW5l3qGN_wlIU75oq-eefQ;224;3
xe0unnyMhO0xdlUboCf-IQ;224;3
jlq_JBQ3UBBbBOX0-8Gang;224;3
tOFLKgLC4GrNx8JMkHYkqw;224;3
ZOKyvwW6GaXk-42f0_ftyg;224;3
KI8BoF_PEGeVSfGPg-ZRRQ;224;3
oJ2v4imiNWJCas9d7ArPdg;224;3
wi2ufon1ErlHIbTZRokxZQ;224;3
j0oDyLF40YRccpv1vqzNrw;224;3
jmUslrmVsNDwSlswWQGE0w;224;3
rfZWwjCZuj_W1ijZbSehJw;226;3
bhZvqfyaCINdbyiBVLIBNQ;226;3
d8Ik6ZTHIjliYdZut9Z-6A;226;3
XhHLTD61j-GP0P8rNQ_LRQ;226;3
cLb63fUPmukFLZ41HkQwbg;226;3
RF8Ve1_2ehvOz8L_bVnhIA;226;3
Ev7KTKkBO2tFnucRv4NHvw;226;3
LiP56Ri_WgGtpzrcKo8Nuw;226;3
Es6vc3vdQw18G7Gr0cqU4A;226;3
iQK4l6ZZbOg9yHx5iCURzg;226;3
C1S-B4Jo-VTU9-_RXoHasw;229;3
Y4lKpsupgP1itK8hWnlNww;229;3
x7tJFbTc822Yx4Ig57GPng;229;3
lWz0kHOKZa52hboycd5rQQ;229;3
YsHPsyfwtiRH1c-vqkyQpA;229;3
CFtub2Vza0Gq-PewSrQdPg;229;3
0garBfQyLr1jdR_NSj8d-w;229;3
sgVhs7di2FexK2hfHAvMJg;229;3
eCwvRoFDj6kD2VQptAlSoQ;229;3
EHQOGvu4Zgheoxvq5-EZYA;229;3
BfyMdnX4QKlWmzHyS5NGFA;228;3
1KTv0BM0gOwWS_XLa2qvoA;228;3
g4SWp6_We2Ga7A2KSbkD3Q;228;3
vtcenpUbejQfcgQNuUKPdw;228;3
xjes8d5b9jPnAmNCBTJPfA;228;3
61wdzPLB5SCE5VWodITSjA;228;3
GstSs1Eo6aJx8Zey-ITpQg;228;3
2KRc_WLYC-IC2X5s0GQ7MQ;228;3
_wvGDjxB1mZks7G5Wdsiag;228;3
47_WvRxBILUF3rVa6ChE_A;228;3
fl0iXvKmUp8NGwkQeNvhuw;230;3
NtALth3kpdxGPErDhuWaLw;230;3
BTgUkofCbSEZDeDUzvsi7Q;230;3
P8-OIY9Cbu4RV3MndRQGug;230;3
BbxW8cdZhZt_Sec81RyOvw;230;3
oEQ96J3tXqPW80iWvz5Ikg;230;3
I7WCf3CpWv0Opp2crRyUoQ;230;3
pK_tYwsWXf43kJjBvDPhqQ;230;3
qmkt56mzoJE8RhsrY1uv-Q;230;3
pYFd2a7kP8iVdvXBwifeOw;230;3
BmvP2ayNb4G42fDCljs1Gg;231;3
MSBZ9l92wSBEnkTS7E6rbg;231;3
W7GkrBr-Zgnavq9JY6pG2A;231;3
7upAmi5E0qj1orYNtuw84A;231;3
eD7bKndLCqMXx67K_1YBxA;231;3
K7UvqhCr27TtMzEGV6FWjg;231;3
C8PdjvXeG1yPAW2T-8uEOw;231;3
ctCRMHfh6Udb-dvUmc79rA;231;3
ybJ7AgYnbDBa_AzOAwuaaA;231;3
rWppTcJy9Gen0XuiNGxLjw;231;3
YA1IJW8AYSzz5yLGZvozuQ;232;3
l450qi-BM3Nb1i4nkpe-zA;232;3
GQLAFAPceN3n9XoDzzOR2Q;232;3
kLhgCzOguLsR2dc10yVgrQ;232;3
rWEwBfqVPbYpFUjU8TLPUQ;232;3
wEi_m2Gr387UBaqvQRDQfA;232;3
edSe-bnLsUVhbQwkZXW5HA;232;3
leZxvuc64yW5I4dAIc45kA;232;3
ZLHeHcu0JS6sEN4x682A2g;232;3
CK13eswxh3Wv98NeyPzOSA;232;3
CByei3wkSQhN5SL-BnnF-Q;233;3
xP1WvU2RLFDukU91GxYEVA;233;3
E7Ur50e2qSR4mVLZuiwiug;233;3
vuVm3IDBdvtBwBNjn4_fuA;233;3
3WQ6zhF5npaaFCMfqEfgZg;233;3
sZR0TkFA4E6AP_sDFvdSPw;233;3
O-f2GAGc_F3u6hQjyWIX_Q;233;3
HEnsWDpoE4pmB9a8XANKyQ;233;3
R9ru59TN9LUdXClsKczqsA;233;3
kWjqDLDOo2gYuVfkjcotng;233;3
a7i9N-X6TMxKVTcp1Kaftw;234;3
9XA3fV7HUvsuTNMUp2k8rg;234;3
-5M6I4FPNvvYJlNvYccVFg;234;3
7SeJHNCMDgTzEsH5PjI5PA;234;3
WupRhP8XrwIyAkmQsldwNA;234;3
o1UmrZH107swsjQuZeKAZw;234;3
PuJJQsTUQ9Z9wgr_vEW6Dg;234;3
6Fg_Up8J1tNB-5pTxhd7uQ;234;3
IU0SCu5rEUkSBwiaZdx69w;234;3
7MRQvZzwaD9pne3Xw635aQ;234;3
Pd94FbS8pzVKim-RPndl0g;235;3
6Pm2ugyiuhOm7FiVZMDW9g;235;3
iu0AHyhb2BmSPIR6KcQXAA;235;3
2Mna85ollTSISvbzc54hJw;235;3
ipJpzNASafrM8m5gu62nXw;235;3
FPiRP9jHOkECf_KIp1OtlA;235;3
9-uo9itKpmn9NO4S7q5G0g;235;3
jUJ8xFar17OUr-R50ySsAg;235;3
xkzC0a39y0QQmx1UwztcpQ;235;3
-yh5J2waCQl9YkTcS1USNA;235;3
xC6qNmwwVymZKCo62M6wFQ;236;3
pzeWH4vd306jUN0VSBImZw;236;3
eQTMjrMGWtVMZY1E9Xo2wg;236;3
HCiNhSIrQjRUWOIqpy_HJg;236;3
vBlXlMk1Sv5Jlavjb58D9w;236;3
oGrVB8mTt75VlcHbghc9Hw;236;3
XYjrmAJWAN9ne9BbxfXRBA;236;3
g2yty3OjzamDiw-XYBWJGQ;236;3
M0WVfjDqehNVsHbYcMCK_A;236;3
4P3SQW8sMubaa8sBCtDRhA;236;3
ICLpfyWuidXzvpRhqH8law;237;3
65v7M74SyVkzGFg2yD9U9g;237;3
wHn2jzgDh8j-kjHiX8V_Rg;237;3
Adb1HhgyRj4MAfBPTB97bA;237;3
XGBzJhC5_KjQ96ZQnhHDBg;237;3
1OhrxzTctsKvN8_uosjgrw;237;3
EbbgDCh6-YBmsnbsxKPu4A;237;3
I5VezTkhRAcXc9yiXgt7aQ;237;3
LZhXti4K9QLhadv5ZsvU-g;237;3
5eQumjIWZRUaEhF8Ztju4Q;237;3
1JpUSSrC-vtXKluTbZ9SUg;238;3
9cW46rZu1ylb-tlPzgfb-g;238;3
1lymX7dAXnBMn7TF9bJRXQ;238;3
365UGECW6hVevjXs6Nt8IQ;238;3
eYBCnfZINU5uvj9NbhDKRQ;238;3
-Jk9haStT7xIKgeun0QZLQ;238;3
08Pz6d-Zzx4JaVkkAroRIw;238;3
NU3iTrCrJzBapNx4CT4c0Q;238;3
qITh-2ecIro5__zKQv-u1A;238;3
yziRvyYontZeDrsV_hCqqA;238;3
VfLQ_fKxVw1Y_KG4j53e-g;239;3
j1cFRt997XPmhL2M7TVZUw;239;3
yFUn4Y1CSizxDGfjbbQIxA;239;3
tXB9M6B9jGTWYNDsPk0Y2g;239;3
ZEzTV-inXHUfQbJJZcWd-A;239;3
5zrNs7lqFmbk-xHuBTEc1g;239;3
Fb9B1IVeaCMEYu4F9ZZ8BQ;239;3
5ADUfLpCmgMMzIXpajvFRA;239;3
4Jol8k3SNdB37doCPs5_PA;239;3
Yq79YMkdKgTrGYPs2vUR2Q;239;3
_s3nYc-Gs6v5lut1nHFjDQ;240;3
yWaqbSvDK1Fc9aITjHjNZQ;240;3
J0IIlwGGF4unyPzOUHYljg;240;3
BPhodKo1-hoVAK0BMkeWgA;240;3
OFlYUByuCiQIznewFPhcrw;240;3
xduMNGQJArWLNleJEiYyhA;240;3
GdtWpi3I1rB_47ngcCl-uw;240;3
NCv6uREyDQ4k--DOV5EzMA;240;3
POsd6ySTfils9nofnP1ciA;240;3
t8Bx4zB6RbkTsGV95Ek4MQ;240;3
xHCukX5ic3_4FaKsCSUaAA;242;3
ZPD9rvutpUyDRWBv1NlRdw;242;3
Dpy_BQLK5F0jjuArqRZtoA;242;3
VhRSlqx9EWFYPmBNR7KOoQ;242;3
A3p08eWRu-szBz3D_eublw;242;3
iMtr6P8v9K_EjiHo9TbnMA;242;3
cLoc6cXIgh2nYGqqqjrkOA;242;3
8cU7TNA9xUcSD6kY3IrYRA;242;3
XzqFiyjpuCZPGzLjQXh3QA;242;3
61Rrh_8-xZLPlM5BnfcHjw;242;3
Uisp2Lm-vrmBMC32mWX4hQ;244;3
lBHcP_mq9Kk9KHufdLJ4Bw;244;3
z1PWvWXOAPZtaAzhBexc4g;244;3
lqjFFCCR8R3kGOCQD8Ei7g;244;3
oBY1rnRAkmfhCPRpdi1lDA;244;3
bMj1i97s84mR-ZHnNVDL5g;244;3
z8d_ZmB6N8OlPujoSRvwCA;244;3
EwBJ3CgW4T2GZvLzP2D4fw;244;3
mMegoBjzSWATWDD8rKCKcA;244;3
GOrQQBPQjjJN5dk3gQrGRg;244;3
Vp6Tyu1UcxQ8vzDV1my_iw;243;3
rp3TTA_S1qmLf1AJjFyRHQ;243;3
diTWd5qzLNpMU30R6vC_Jg;243;3
SxRi3dT5nS5slJ7eKTEnTg;243;3
i50W8oS6WWw4VZtjZ6eENQ;243;3
w6oLGKIiue0FJJ0sZCh6AA;243;3
8boIdwf7mkEpK8SSwjVhxw;243;3
gZvZrug03Z7NGRkJF3kG9w;243;3
UICrU0Ael0gVv0Gr3ncshQ;243;3
e0AsgALOEyFv9Vu9uDL8ow;243;3
5wkVKan_0Jpk7j-AEZKYWw;241;3
b8TFcIBS1lppjOqCf6o2oA;241;3
dsTs1wjCSiJ3OAQzENKIig;241;3
mv29-04sVIrZfSSd6UAg4A;241;3
KDmMCXM2VXOZFKIMLx29Vg;241;3
ChCvt-H5oXxZR-tthhBWSw;241;3
cfT6Q01OHgVDfS58qmdsmA;241;3
1kW51gEwF0RFuvmSnxSEHQ;241;3
t4EUo6IGahy3fjBu2e09gQ;241;3
2EYylN_VJhvFzX47L5icZQ;241;3
hKH7PF9VS1xOEc4fWRvmnA;245;3
bRrhfo5qSG7htMMi-6Uezw;245;3
yO22fAVSLMeX3fYiU7-6dA;245;3
te6d6QtSbuKiwgnM7K8bjg;245;3
1CBjBgQMjAdIZXjZohFASg;245;3
VrmvG_5PzkZ-nW3ca-0LlQ;245;3
j9DxlDG_Zd9x18YbZOcpQQ;245;3
qvdMPU4Uhjry6GCH9ywVMA;245;3
6ssSLDRXUwTwjmZZWYycwA;245;3
ORwAaPSvinmiIOIYUwlv-Q;245;3
PZhkGOJdi_5Ke2yxMrT-yw;246;3
R2D30tdo6yMyyU1R1L4Jew;246;3
g4bwxEfk01oqrshdjr5l8A;246;3
qtp4qdN-Gg0VYHWIkye-jQ;246;3
T6onRKNO8_8e0ontye8SGw;246;3
rxJ4-Ay4ZsBLjiqvANYfvA;246;3
tT_vIcDgCDiQ6AbyJ6PTeA;246;3
T4RdMcgjnrW9Nkda3Y2zIQ;246;3
yejg93eD-Eg8kvw1TqwkYw;246;3
1rvtZJDtTJHuZjLiXZ0-Pw;246;3
y8XVfDQQpJEAizjXTQ1RYw;247;3
WQIA75UAdb_7u31I4ZKiEA;247;3
qjxa3ufP0lZ7gqcUDz1sJA;247;3
VjTxSDSishbRJWR5U48JZA;247;3
JwejyZPUE-rzjhwlJtlxyA;247;3
yEQjf9QrD0HiZAkjfQD7KQ;247;3
BYz05ud6Y1PeHkPF18YlxA;247;3
U53107zK3i2snV__UoosMQ;247;3
tlrXW8VH_NGbApnPkjD0qw;247;3
jLOWc6pjHbxbLLdO1N9iXg;247;3
x0icQ9_vxM7EIWoWr_SMug;248;3
DoW89rEotk8Ixz6CpaTqKA;248;3
Q2EWMD6Sgac_K2BKzJQgtQ;248;3
i5AtohBw9b6s-BgowfTcoQ;248;3
zXmQU7iY-rt8Uxv57tV0ow;248;3
TV27G_PzNFZwxNmMhOwdRw;248;3
cGFZLWYdlh3M7GoTmBd-IA;248;3
N9iFunInu-3hDLU6PpUSYQ;248;3
peU8CcESNwhp85ByEQXnzw;248;3
_NLrcxyQ_Z0UBHeyerZhMw;248;3
f6vBwrXEY0cnylDw-H1r8A;249;3
CPcGPVpRyeGa8_wTIMw9uA;249;3
jhyFMIF6GqEYo9why4ZjOA;249;3
cGdrzm1WYsz4Wd2HHhcYIQ;249;3
n2RguXa5xs6eT6HYwfz5-Q;249;3
nsklKqhvkoO2FlOrWkumjA;249;3
9KCptVpmQ9Aaj7Fu8Qy7Gw;249;3
HS6LxXdxEDEZUo9qHnOm6w;249;3
1Fi5K67_AC3iPruzX_uZ_Q;249;3
hd_YMyubDStGkfLTedWSyw;249;3
Fn1I8aL1TR9r8Q3-pcVYjw;250;3
1JLCJ1AxZCUUDXcbxtc5Wg;250;3
j9x9AmAv15wRpjiuQMhTfw;250;3
vZB3Lq0mQc28nVT4X9UvsQ;250;3
1lTCVl0u9RZk7Wf5eyFN2A;250;3
eR7sUGrj3BUa-TRa3q1FRg;250;3
H2BBZS1nwp7xZrgXngMj8A;250;3
JpELzg3HN3w9w74ZsnNmlQ;250;3
sElJebVcKv_v4ydynydNew;250;3
Kyw-fmaq67FwG92rWtw9ag;250;3
SLFmfX5I0bAgbbITkmp5pg;253;3
4RXgD33-Bxy-iwzi9-knbw;253;3
mnoypQ-w0kFD9m0NOEA-bA;253;3
iHUOiOgMbXjMYWhb7ORSJQ;253;3
zrsE6mt_U2i5742PDH6y4g;253;3
WfE6wKdc1NLt_TpDgGBKRQ;253;3
ywViVbjbh2_4f1PtbBXsBw;253;3
x7aneOr6pokstsVE0J155A;253;3
X4RgsSHlgCyfK5D86muVlw;253;3
0h8SlUQJrCTbJ0R2HmfsHw;253;3
oFXOJJjhTG3qpLE7MAUxOg;252;3
SdT4VR44lHH_y-VeGfY2qg;252;3
0zTQ7Uv7wzCCP2YEUC_39A;252;3
E_sg3ytAsVkxWEKHixWOLg;252;3
2yloAT_XcFuOFi3qh41Ckg;252;3
B0Mr_Q0HCWI175uE8WqIpA;252;3
To3jNWpl9sppYa-9_I0yfQ;252;3
wvXD6HdAdkD4EJzRvIonGA;252;3
lc71zDnl5pBTGy-lNUVksQ;252;3
60msrs7ZN68d4P_TNhMqlA;252;3
nYTLhO8mcp7kBCEMa4tW-w;251;3
-wKBv6ZHYtCe5rejFyiBKQ;251;3
D3xizd6LbV_JgLElOi2xZA;251;3
hyC-waNyYbjcJwK0OXdLcw;251;3
bnUJUU4VVG11GYhSGP3soA;251;3
Kb_cfS8SRSblO0w1oD2fPw;251;3
H1v5QhV2I6mWT2syjGxoEg;251;3
4_SllcpgWju1Tj8iGv8XQA;251;3
54gvVFHhc1Y1rlft0baHUQ;251;3
L6rwX-wJ_G_XSlT_og_elg;251;3
nvxtt2faWd52P5r4SQlYAw;254;3
VBotnl1pymsa-pOTR9BSQw;254;3
TzDln2whpB8NebKHjh_OAw;254;3
7rAtZLxyjHHmP1GsYngTcw;254;3
h1uEDKewrFLuIK4EPRXv_A;254;3
MDps_o4YLec0l9QTQwMryw;254;3
mCZW2mAmZlBEu5QcxbcmYw;254;3
1vZI5q0dGHr-fmRDO7lWeg;254;3
30kcdbYYgT2PB_gjNcs38Q;254;3
O4_eiolJ0Y4FnZRy20R-xQ;254;3
FHjXRflJE6sGuvFwSAjW0g;255;3
UVBJSECANpl8Dm32jcfEzA;255;3
ghGaO4PAEMhc7XwKm7tLeg;255;3
DJQq20zKqEWDHL8Mk1j7nA;255;3
Rkz4ziOUk8hwNvMjLRbhGg;255;3
BGFwWfVSmf1bgHlx8MiW3A;255;3
zB_1_lBNwNGuXPYrA5ktrQ;255;3
aT_5rA7jBspgIoY9CuNjmw;255;3
Fo2HMg9yuX1ItR1u8wqg1w;255;3
lkhErZE5bAS2j-6ZYmVTpw;255;3
g7q2w1ODDlSDiqputNj5KQ;257;3
JHmfcPZLPLOPHEkCYg1hog;257;3
fPqbm58fr8Ca7yQhy90zug;257;3
SSbVzVOCgBbl-AiJlIqH9w;257;3
M_m68QfKn_uXYJoDZLqBmA;257;3
43pjAff_aZooSrrdtIy8kg;257;3
Lp-bbVsK3wtcGw8_UWYWQQ;257;3
C7gYBLNt7TF9rE9v0kRe9w;257;3
bnDcE6FsLqjMqzEM0R6pyw;257;3
RBdmWDzOxEpclM9wuyHMWw;257;3
IrmAmp-0AzgREEspRvN7jg;256;3
a2z_EM7gDGNKUenwIgG8Rg;256;3
zMckzdeyD8ghfzzUpC41Tg;256;3
3ae1yxvUyNLaaR3coLjwKw;256;3
tfHera8wX0Il7B6m59VMiA;256;3
goakfWH5A0wQ1bIwB_8AsQ;256;3
xKelCbokrN40uy0Fh_EIbw;256;3
c1kkC1lhF5f8h7mzVQw4Nw;256;3
lp58URc7Lu6Q4bAqkO1Aug;256;3
8BFukDO1iCUHNM5jkr895g;256;3
4bHHyllZ2tuJg5VIe5l5lg;259;3
pFeKRlAp4NZX5cK9-w5_Eg;259;3
sXAqmeZ7aCJp-K8DvrTQ7g;259;3
8uTPO5FGdM7mzM-9Y8m7lQ;259;3
2rmkZDr8-0fQ1mC3h7VYPw;259;3
JXiEHWGm7AfFTRy9D7L4kg;259;3
fCqlwSr5W4HTJcoToUIAsQ;259;3
yoAck2DcEY4LBIjZDNIkdw;259;3
DJU7AXujPPxFZoGAvz_Cwg;259;3
yYqIG9WAWzfOa5RN3DH2bw;259;3
7sxQwYQucPk1qO0RrZau1Q;258;3
BhmEA1pUDDRuIovKudbDpw;258;3
RZzjR1f7ejpo7uPdoJNKUA;258;3
mGL-wYKtKUlxTf8EhysziQ;258;3
iFOOvRVAHPksGExr-P9NpQ;258;3
n4vTT5smoCSS9v4K51RN-g;258;3
8z0RI4f16aRBcp5bqK4vpg;258;3
VFpwzsxC6JM_XO_Q6yDESA;258;3
EGuJUDvhuYkbFjJ5kcQDtg;258;3
OVEc--NvjF-U0gD_LWZcXA;258;3
98VHGpovpGrIXv_R5q7isw;260;3
ykhp49DIs4Bk9q0rdniYXg;260;3
KRfpZQOfC1WThlYn60LAPw;260;3
vYgOeOVKxOZv1zkHHgIixA;260;3
vFrh-a9aEfC2q8RWjpeeLQ;260;3
AKKQHsBVHfGqzfDGf_Ohpw;260;3
d1bO7NoJBrmJ04PyWXCx0g;260;3
gZ4EHiO7TluOmMWQbD19pA;260;3
YwTJ9O2_3XF58d1BHz28FA;260;3
SO0p4pSsMO6JJzZpAQHEMw;260;3
b5S8AfTicqBobrhjhTcryA;261;3
it8gGJ97m8Y1RP9nasvC8w;261;3
lQf_ql0WfQdjPxHwmvp4sw;261;3
TT_zrl3pWmSdI2UWextDrg;261;3
oeonrTacyZWM2QmoolNosg;261;3
VKguqc_7dXFfrRbrw6f4Bw;261;3
ONyu1CqUejUnWzAvYrgf9g;261;3
oNrQA2DvshFWHkjO8dW4uw;261;3
MjttJK6lo94PBSqeJQC3wg;261;3
nZhYyFOv-rdgu2IAGMQoJg;261;3
UQibN1qq9PmPtFyocy-K0w;262;3
vr34Ctj5DTi7-Gr-R5sfUw;262;3
f7szql53IHEPWRhUUadKbw;262;3
miVnMiHfmEh-mnAu-MlBNg;262;3
qf79pjlmhCcmDZrvi8z8RA;262;3
_fwkybvfPQy61nwuUBNR6g;262;3
p1xJCd_A_8oYdr3OqYw31A;262;3
cYcMQDXVOogqRCLPdvOfbg;262;3
UI0Frrtd1LY85brFPG8Lxg;262;3
KU4O4KbtU3H8JjMb4D5KNQ;262;3
pjGhxtaBJDYUIj-VaoAfwA;263;3
Nv3qqEmRnCEcUQfyUDCgwg;263;3
xgiSy1yBd0DI3_YgEiYGkQ;263;3
i_1Vc3QlO4duMeXsENwcZg;263;3
Sz3PJj1F_V6jzZn1nrTMdw;263;3
Cp2ZgvgRzJ9mJIvtqswBYg;263;3
8r2U5AhOIfwAepLSB2vUnA;263;3
-ivz9OUIBJHncVIvH-cA_g;263;3
C-mT-dADBwmmmeaLJxFiIg;263;3
LVQDfw7G8NwAXGG3K6ToBw;263;3
ES0pjeO6J6VHTtFbqA3XPQ;264;3
1y8jteljcIBM2STKrZzQYA;264;3
NxktHpBh0b3q0bCdRbEAww;264;3
OsJ5PO-RZcYBWtFpZzrSVw;264;3
YlW0GP4gnMCjju4HkfeBvQ;264;3
_QkpKCA_dO542i4a_2-0sw;264;3
eWAyN8kCpLh8Gcj7OGmTBg;264;3
LzcjzYnu8NorgBHw_N1hFA;264;3
nP2GKVNRUapjpwmMhDC69w;264;3
_ULM93PiWUfdwZznExWIuQ;264;3
5EFx-ALkid3Ujtht77S0mQ;265;3
rG0hZHT-Iax7xsa6UytjPw;265;3
yBji1-MHb7bSOk4sevvYNA;265;3
2-DLq_YSSSibsxiErOrL3Q;265;3
eWx_iiO_ZzzEDiuGUnaHrg;265;3
Q0o7uiVfac3hc7Tz48SChA;265;3
bxpwShNpCGeJBrWb3sWkEw;265;3
D96pkDbYc6dpszhEIDIG-A;265;3
-kEeFmr-7TDAH-cN07uoww;265;3
QRVo-hGc7YYqfk-9qaPNVg;265;3
mc0jFJ2Ws83ZjbuksRtXOg;266;3
dCipFMh2raH_MXju1yY9mQ;266;3
BE6qqhykE0fDMFuaysmI6A;266;3
KIPWq0hyQxi-XfgG4_WkHg;266;3
NTGYQkRAu6ujxYVwobhN2g;266;3
Wzo_IhzXz39DRLfC0s7DJg;266;3
BNk-d7MkgFRAwPBHFY51Eg;266;3
VDUS0iv4okWD0_iqQIe-nQ;266;3
m2kHjk2y9PAJ5PK4AcOTDQ;266;3
wkrRcGDZfpnOOZGR5E8COw;266;3
mN_-o0XzDGtFhCPzg6lBvg;268;3
gGt3ST1SxRbtgWTLu7bxrg;268;3
53Gjcqo3Zh7H1q4XaAahGw;268;3
LzjLOI5GHO2oN1QEkeS6zg;268;3
G6MK5I8lXurKBZBZfTQFKg;268;3
R1SYoZ9FVLowDHa9Ap_g1Q;268;3
oHPebvnvfNVTJVevfiTjwQ;268;3
TmvnRQ0p1SY33VLavAgfyQ;268;3
TvQplvSPUZqW-XDER848Zw;268;3
-7NhrjpFaH7BaDm_XF3JSQ;268;3
S8RQ_jSQpb10TFZQ8h-ZDA;267;3
GX85Uo6klHFG8hkfdOfPjw;267;3
WCu-sUdZ-rspPddNZ-4oWQ;267;3
OKnnGcEEXeHCOiBp9MgzAQ;267;3
dImDYDN-vz2ebbPjMx3AxA;267;3
9s1FW8vwBIsfu3thn-cDLw;267;3
O9rTDFV9ko_KXeDuJZk5qQ;267;3
FW641E_2AzN5xXRddd_ALQ;267;3
5Wzv16Ja7PdSIi29Brv4-w;267;3
p_aEfZufgEgX5myKpdTbLA;267;3
xuBSfB64ykRpj8xNRI7yUQ;270;3
M5w0eO4LDKJ_pV1mdLxpgA;270;3
RSOSrzpM-xKo5i30XaxVdw;270;3
DxGmsGoAZsF2oQqrmrL8wQ;270;3
s6KCwVC_tUCDw9NWzAqO5Q;270;3
BJ9hci4Ee_yszFVxaXA1Iw;270;3
Fyacbv9g2VQ8GOySIqPyCg;270;3
fqjKNb71dvsUvCxycoHPeA;270;3
6tJdzXNFinyC9MODHxcqnA;270;3
tf_jLoIOkw2NzZhZr_pd9A;270;3
SnbgSSNEkuuwbE5njBsOEw;269;3
sRlsUHX0DuRmxQQkfHPSsw;269;3
EvxsyfTAm3V64NGP4O26bg;269;3
kbRLasDbMoWysVsDQG_vnw;269;3
uUmVZYUlC580JI-pt_w0yQ;269;3
Cr0GqrP8C--3gj6XgIffOQ;269;3
ZTt0CKZL-HSw9zlWMJBG3g;269;3
1hX1dt_4e7t0yx9ACJuJPg;269;3
Fm4-Rrtbibqbfw74hAqCZA;269;3
CkNwT6O2NBCnxV_neolq2A;269;3
sAffZrZ7esnYI1DrMwyT6w;271;3
_Wp8-V9Ii9dMfuGZCcr1PA;271;3
UouLN-BSoil-X9km-hgKig;271;3
QkDWQGtbAjMswoAjH8tAxA;271;3
PfgutS5pGk8rz6LVReTVyw;271;3
LPDzWagvfBAYKHFlWmGDmw;271;3
O16Ilq0GobHjN61SNSVOMw;271;3
taPfYRUOIrCnMmMVhOuqmQ;271;3
xTHRIwkzf9QLZkamLWdMAA;271;3
IbWaoKO6iSHARMoO3QgUgw;271;3
ZhAtIRN9c4IUtLyG4bHsVQ;272;3
Mje0UP1qwA8xT4yCCYkHew;272;3
y22oSm9Bj5A3dclpSAwNag;272;3
luXg5W3Yfx-CK1dwNUlHtQ;272;3
ysyJdIxm0yor-twhODfGdA;272;3
EWlx-Emvabfri2rLMK4Svw;272;3
WGipn9GFD3TLxbcWqycnCA;272;3
xUtJ91buDE9OHrWGzE4mzQ;272;3
ZPIz6tevgRuZdIQU4b1vkA;272;3
zD_BSZ4z3qShaB3T42IOCw;272;3
haKqbucrElHc2qo_DQt_2w;273;3
FUSuRXmqyQLlPFijpb6_yA;273;3
bBLdT0WqBTHOGZDRWLKwkw;273;3
qNLt6O5He_G-lKWzK5Y6sQ;273;3
LPo_tbBCYuBX3FBQPn0VTA;273;3
n_luKIB_ImSTxUWvWrNFVg;273;3
0ZXsg1k7PMQSBjgY312UrQ;273;3
dGr5UubPtMfPyIERoXxGMA;273;3
MxYx1ibmgUk0jznlVODo0A;273;3
MVImeM9Z87Dk-nWpuCX-Rg;273;3
Qq8KLC1obFvAhupQFyS3dg;274;3
RVW81-2uB6wqsxPGUE40jw;274;3
jjnSVWzNj_C73kj8rfu5hw;274;3
WIVXom52Sh7fI-umztPehg;274;3
if7WOdN9rF-EC0TS1wVquQ;274;3
fellY1usqbzUUJfA5S437g;274;3
tyJw1Yh2Cuhct2FJvbfNTA;274;3
CU5DeukCyQ-VKZXvdjss6A;274;3
k_5mrW8NkI-mX6lvmAn6Jw;274;3
kxVvZ1b6YQNnw98bWldRig;274;3
PbXZT3mThbvxZp_ct7Jz0w;275;3
0L8ylPIND83mDP7U-wBBig;275;3
iFXYWpvZF0PDRT5mZDwjcA;275;3
JPRsVk42LxqYOhI2Ip5AgQ;275;3
-Scur_jRWm4I4YNsa7hWSA;275;3
pROQzjtnimsT0EtpOL4IDA;275;3
bFnj6R_89v1KgbIxEbpcjA;275;3
KdOS0UIjbI9jKn9zf2lJUg;275;3
yLTpNzHoTkeTHAOGPQqDrg;275;3
2Qv2s4hXmbht7UI4XupBbg;275;3
qm1owaYn2lokvqSh6TQKJQ;277;3
Uuv1UnkE-NOXB0svSGWE4Q;277;3
XSLCjnXpAP7UGi8_PS-TGQ;277;3
E7hgWy7ckSmYFmFfmnJqIw;277;3
5ENPLF0Cd9efJdOj3QudGw;277;3
-ux1YYJAoEQda0wP1CztaA;277;3
QSS0gKtTFIwuAuPqoDYe3A;277;3
3KvuXJu4fuhjQL5aDSXDUg;277;3
9mdBExXCVu2sMZJK7VawFg;277;3
dSvGaZTWyB_K3ZgyvXnOfA;277;3
W3oNuDtfzhd1bVyiEcL_PQ;276;3
KvdvYjXfkBiP5jUCDomVBw;276;3
oUGzlCdfL2mAy4uUiryxjw;276;3
S5LIhEQ4ExQ3YARUHYS4XQ;276;3
nZcv6KbXgCXUxaRI6i3Wtg;276;3
DAF4OEs5J5h31Vz_Cidgtg;276;3
0_4FYCaLF2njg3VivE7JMg;276;3
HelWIuoyJcpXiDETlu6Xqw;276;3
b3dlg7px_5WaYaPTU8w4Eg;276;3
M3h2oxRoLliKgoFOfwIiUg;276;3
x77ydqNGrQsUn3nPV2gJmg;278;3
jcqVdYUyPuQwoKc7Gs3nrQ;278;3
8a-3_xNk-LEX9MmUIxhhjg;278;3
dzcDvflEnH_A837bkpKb4w;278;3
maPvdB9f4HCcuhIj6PjTsQ;278;3
KeRJnYDobd5lOSzQ5j-QCg;278;3
dcwA5cT3g-GURfoZhjvZ7g;278;3
pPVrwxXjLHKb18lisayyfw;278;3
pDBYfmPeyfYGqyccy6jyhA;278;3
wJCB66vf13JB4tgI5OmLuA;278;3
8k9zFp7YjoxjdlYYFB3_tw;280;3
zwUaCLnYggwihzTrwEJPIQ;280;3
ECpXgyAWyf9pZgXLP7PBkQ;280;3
uCK5hatxZ7G1fqS0WQ5W6A;280;3
lhApJE6HUbXNChQkFlAOqg;280;3
A1dMEhZfC7Evv_JaaTqGMw;280;3
st4XDDRIKnh4HjEemQh99w;280;3
PNy2UBo5cMtYeWs0CM3BxQ;280;3
Zoo33EKgzuVbXWvnI_C59g;280;3
8Oj9ZjxVCU-oRyZAfoAX9w;280;3
dBQW4bPE_baiNqMOH9OkZg;279;3
1bUb2UHTf1rekFQcm2GWjA;279;3
xqCXuBNLVJWHZ_eMpK-Xwg;279;3
-fsEGO6y2TdXjLIDivwn6A;279;3
0SGuP4gDAaIokvuDlTKJ9Q;279;3
ldIyWe23toY35gvg9j24Yg;279;3
XCLYCDO1109-GNMpy0lMVg;279;3
NBRvZTS6FtMkwm0nqbrvCA;279;3
ehOmm1thMgCI4uHUyX4s7Q;279;3
FAIpcUUvSXhzg7FJdaOSTA;279;3
UghODO3GZV4B7fwo3IvTsQ;281;3
bafOFhoYM_XLq8fm3bRlYA;281;3
1eQdBlFtrkB9foxrPZ3rWQ;281;3
o52paFjc1l8isSPd6275gw;281;3
utekSflHp8otsQkPRk--IQ;281;3
MiX4YAnVv18MKB6qZVaZgA;281;3
X49nLSSl1-gopb9e5F8SqQ;281;3
79YESdxT7pva4XonmvlvlQ;281;3
rFF6cBTAfwqJdJ7C_Wn3gw;281;3
w_-4GboPT5kz4VQVvNmpcQ;281;3
xhwBuVgNBdQzt4-AfSBOsQ;282;3
fOXMqotL2BGvgLh9jgwavA;282;3
unPXqL1dhHxUFV7LDLOTSQ;282;3
hR1N1J61LBozmOvZsDZaMg;282;3
Wd0vTBh8f-8izPNPdhmRyg;282;3
Q4g0rHz4VCFkbdjX4sBMbw;282;3
gBoAfu1-f4BsXeesyNs4QA;282;3
OZcHX2r6yH2fmgMNpPjHMg;282;3
pSy7o7rTkOTbHd73_L4tGw;282;3
xGlObk-1CeVuvZyuMwx8uQ;282;3
Qu-Yv9KBnpiKgi4wP3xmVg;284;3
5xYjkQq7tusu6_SGLazWNA;284;3
6TIJh-iW2ZB43GPAvyRydA;284;3
CpUSRg1kURNzBDnsRAjsnQ;284;3
zHPfkKXROcgpLnifxT05KQ;284;3
1wuYKmPaN3QdHKdZKhxafg;284;3
hSy51u6J8-yx8R0dlxOk_w;284;3
-RAST-yEireYGofwDet8jw;284;3
6g7Nafdp0AofUtcjdjKO1A;284;3
F7wGmqNuCp0D38Lu4inFhw;284;3
03F8RPpuf-METo9j0_l7Hg;283;3
iHdImC0URxvPZLzXPoMj-A;283;3
DATemTKyegZxbkCS4348wA;283;3
iprcKg5mQkSe4CoWZDeB3A;283;3
qpvie-GgDVW6CNyNoqTVuw;283;3
-dFe_SdQH3uPHRFOqvesBQ;283;3
UcmgM2Kcn_OVvoWVF-Zz5w;283;3
ujDV36NZSKNaKyqfMnUyPw;283;3
mfRf2Qi1ObW1hSRUDtCEaA;283;3
nonvuWdCHf36-VgLSFI8Sg;283;3
vsPU_9rqvaRK-pore1T1eQ;285;3
tEjKFtHdSHPddvn2weyUsg;285;3
d3xhJ8rFlflaxWnMcV4lgg;285;3
kdVuRxkxloCQO4946cLo_g;285;3
SDaF3C10_P1hedHf05ZxNA;285;3
77KUkQNWSNO3IuNa4F1CDg;285;3
ogJHGGEPt7krYPtJ4cgzmg;285;3
qL4G5Jm2Z-RUsK1mycwN7w;285;3
4EiXe2OXD7BhK9xzP890XA;285;3
Xg8bl2oFGIqcvv-mY0gccg;285;3
MxtLeCuXzg77KShrlX3SJQ;286;3
cIT4UHzvXQ2h3GtAiTRR8g;286;3
LcZDDBOBMRGDcVsOxF1CSw;286;3
Ua2DdxzVXWJ_UfU4-6XP1g;286;3
UKBrf0gTLM9yTsrWwu6Igg;286;3
At6FRC8Zzzu_hHpe5fYILg;286;3
pfDodhWl661qonChEtF8cQ;286;3
YGeaCwXXioI-za5Egwqurg;286;3
wtyAI_HFRUE1K1u4BYh-1A;286;3
OBSD5bnX3S0Gqqkyq6vO7Q;286;3
vxrmwKAA6_63g6TMQ3kSCQ;288;3
ZKCCNuhMwKmFlUWph3vrTA;288;3
tTZanlTDq39G3R3tXWB1gg;288;3
1Ofx4UtT1t5tS9JTsvQJrg;288;3
tYsg3plv8VNpn5101d1NXw;288;3
P3RZk08Tr8XVnzFLa1fq1A;288;3
hLrEeC9OADAO9td3s9MZ8w;288;3
ECmVRzi6wSGaUVqva9tLBg;288;3
slRTQzY2i9NTO94GF3KDRA;288;3
pmryJrZmmATZsFzioGHiiA;288;3
FFGjRhqBpzMY2YPfdNC7Cw;287;3
NUB2zIX-30iy49NzhreX2w;287;3
Wac4CdNUi2qQDxVwGDOZAQ;287;3
u6lfFBKmymNe_l26V3YZpw;287;3
EY2SImJXM4Mboqo3T1jaxA;287;3
OoCRgAob1lTEYGBHNHwYYg;287;3
cGHMscVKcm3tIL-8XpX20A;287;3
k6Ok7Lw_XW_aUgeTLDkdMQ;287;3
B4JZxLF2ibOARMVYDE3Mqw;287;3
8VV9MFogsrYDpVWDdULf6g;287;3
q_da_UZeB2_sAf_bSAdg8Q;289;3
RLN0Hi3q7KzNXEAmTG8z0A;289;3
RtxvZaE5zz166yjFfWylPg;289;3
2OCNW9cV3XJHMH6gFMpdxg;289;3
qAiEejirct9ps51XQg6YCg;289;3
OjFgNfKTYhj1Xx--cQ--5A;289;3
QjA_6TFHbapSvI4IOwSKNw;289;3
rdErc6_-76DmGMrTWOe3Ng;289;3
0bb4tu9o1v6h8TarzuS3CA;289;3
_h2Nwd_WACuXfFr1i47wBw;289;3
MeBIAXP9BK6DJG_v2y8cqQ;290;3
r2pqBD7vCZ4xsEZZFPluRg;290;3
cILB18eSfUOv3Htd1qFlYQ;290;3
3NytDO5FBLUp5uQEBLaafg;290;3
DkSiUBVcx6X2rzakH9h4fg;290;3
amQKLlHCeW9oUFGvg74sng;290;3
BypNqtwd3_l5QEpVB4jUBA;290;3
58tvGmHOno0SFDwgORDfvg;290;3
rp3VC1MRHGJ23ZQysY-mdQ;290;3
4URgxUjJLTxMmmp-kVv_eg;290;3
ALs4hs5RkKPCOXEYHMA9Ow;292;3
WZDUiuh86urG4uTcsFrhQQ;292;3
8SN627suDwZ-FYMkD-wAHQ;292;3
kFKDn6nJVfNt4ojkOSh-pA;292;3
YghB3s7W1x1UhTwm0UX_0w;292;3
BfQEnDRJqCVzevowq9HY2Q;292;3
h5eioPa-onr47O9bkX44xg;292;3
P32FRPmXSVOBGwnHGIwEOA;292;3
_jEstSSecGXlmaWjpm25yg;292;3
EN0EIEJkH-6mtWClSOaTBQ;292;3
4k4JO391RZRv3Uok2cv3Pg;291;3
lqh6FUMGwaMwkEDUWkFRoA;291;3
5R39cnwqKnRhhMkB3QWrNw;291;3
UscvHAbE568q9DZe4VEQCA;291;3
WtUT7VCfmsidnzU17RXukA;291;3
2sIJLBFEdbi0tq6_48i65w;291;3
5XN2aDxF4rbdkgK7YLiNJQ;291;3
vohpfSvP8X2WG00pnLz8bg;291;3
Uk7X-T8tVC0xsAkvBX5FwQ;291;3
-Kjg2YwxdkiltW5bFo1HHQ;291;3
V0ilyHKIYy5DgC08xcM2dw;293;3
2xpH_kMep71lopX4OvAWew;293;3
Imc55jkqs4tTzISa8xJoRw;293;3
7cCRx6yQzppzQpS5d0PQZQ;293;3
KSXU9YFR2F_NZT9UbC91kQ;293;3
fszn0EIW6FdQqUfUxn_Xcg;293;3
foqqTrWl15EPDzbRDVOBuw;293;3
CMgtVP904o3GiHgI9JTaAQ;293;3
5HPDMRceQjk8I-HXoN9K_g;293;3
IXexznylWcfZwNj8zggpXQ;293;3
jHZ_pIFkn8TV34aJ90DgHg;294;3
My7KFIxnxyYdwP13EpJegQ;294;3
dRYkrTjVmzMoOkz90w2wJA;294;3
UyQYreh07bKv_M6WfK0poA;294;3
Q4Jh3uMlPxRN-lObBdpjRg;294;3
s7uIDZzxDzerC3fYy7BCcQ;294;3
GlhdWXonNJpqX604fhzGsA;294;3
FdEV9-Q8t_6QBMg-TrPigw;294;3
CHcWC3-9RxcCxCCJGhEtcQ;294;3
Iub6x0xUzjgf9VBsLb8n7w;294;3
At5evZQJ34uYVPieRohlzw;297;3
RxV19CoSMYyGQUqSKqeJ8A;297;3
Bnx_IBtcMXB5dLcXxtFlkQ;297;3
BKHsDWszvtpld9AePWKX1Q;297;3
RFEQAcJLv9ksoEi5y3WuYw;297;3
FKmZEadWJaL0pQjTV5qOvw;297;3
d-ujjv7CUttvavKZbOY0RA;297;3
f8cq3Q5Yxi9HrXXWz9cLlw;297;3
EaHmjn6WEmDElSrfuvgHgQ;297;3
IRSg2rS6MLmAa4YRKN-lcA;297;3
N8UhmQmdjYKEhGSvD95D8w;296;3
5LR7bnUdqt6724qYr6nowQ;296;3
z1BUG-96CHxhQ1k-PU2taw;296;3
4UWRr_NhHPmrPpwcwhS6JQ;296;3
5rKk9EMNHauJM__hOYwfwQ;296;3
t1h983gOLP2TGPlUy_tHJg;296;3
jrXi3-zKdZ2P2KFFXMFdRA;296;3
lwLIGCcSl_lDJxWTyLN5gA;296;3
gsCgu7GURYMQCdN43D5HWA;296;3
Ou62NgOMwDPXmXx4DSZ4pg;296;3
vKketlmIZfQXijj9WjVPEw;295;3
hwfIrFwzSNlPx6UQtZfs2Q;295;3
lmYWaOepM0lpbcygi8Um5w;295;3
zZbj6P3angZNyEbK7K28NA;295;3
7dA87w8O_8I2KZYLsz70mA;295;3
EF4Q0JPLnWwhAKaqI2YOnA;295;3
DIzwDkoH2lnkeG05qF6zug;295;3
JK4QqtE5Lwn27WQ8DpIAbw;295;3
F4dfw3eZtEsvXWZOMDnFvA;295;3
spv3zLJ6GJkcWN7kLmbmeA;295;3
RPW2MpYBrC3XHqbrr6VMdw;298;3
zeBumMtHaetBwnm4Z2Sbiw;298;3
yLirVzGt1x8D2jrVbwhSdQ;298;3
f4tPOW2qE3leVF8wdgetYA;298;3
R8se8WmZQixnAjReTzLQHQ;298;3
cbPKn_qb5tX4PNZ_ozyAQg;298;3
VAk2jg2fDLiJjReE8W6DVQ;298;3
lWQvwbcDfmQGr0TCuSjQfA;298;3
n4idepu--2O2EAthwwJTIw;298;3
Pl85g7Y_melrBrYt-3W-bQ;298;3
a_sWo96ojG3RtVyzSs-m9w;299;3
ZsT4h8qWsj3hFy9fjeXMGQ;299;3
VL7XyV-y7HQ-36YKmK1z2w;299;3
Gh6qxqbxjgh9oJNFbPl2cQ;299;3
5Wa9TFA-nEZP3MTvWMEXTg;299;3
rn6jDWEZKgBlQzDBAU-Zqg;299;3
FxB9DqkoTcCjK9qhBhXtAg;299;3
UHFm882zYyyLVxaT31XYYw;299;3
5TnyUHg4cx4LxKfG0BUutw;299;3
b_DiMAg2iSuJLCWx9k92dQ;299;3
